prefill_chunk,kv_prefill,n_decode,kv_decode,time_us
0,0,1,16,7.616
0,0,1,64,7.872
0,0,1,256,8.75733
0,0,1,1024,10.101
0,0,1,4096,10.219
0,0,1,16384,16.4697
0,0,2,16,7.73367
0,0,2,64,7.99967
0,0,2,256,8.928
0,0,2,1024,10.3683
0,0,2,4096,10.8377
0,0,2,16384,18.688
0,0,4,16,8.416
0,0,4,64,8.21333
0,0,4,256,9.504
0,0,4,1024,10.496
0,0,4,4096,11.8187
0,0,4,16384,22.4427
0,0,8,16,8.533
0,0,8,64,8.459
0,0,8,256,9.62167
0,0,8,1024,10.581
0,0,8,4096,16.5973
0,0,8,16384,30.8163
0,0,16,16,8.70433
0,0,16,64,8.81067
0,0,16,256,9.90933
0,0,16,1024,11.851
0,0,16,4096,20.1493
0,0,16,16384,48.5223
0,0,32,16,8.864
0,0,32,64,9.13067
0,0,32,256,10.4747
0,0,32,1024,15.3387
0,0,32,4096,30.9013
0,0,32,16384,86.1973
0,0,64,16,10.0483
0,0,64,64,10.144
0,0,64,256,12.7043
0,0,64,1024,22.016
0,0,64,4096,51.392
0,0,64,16384,161.333
0,0,128,16,13.728
0,0,128,64,13.1627
0,0,128,256,18.3043
0,0,128,1024,35.4767
0,0,128,4096,92.203
0,0,128,16384,312.426
0,0,256,16,19.573
0,0,256,64,18.9117
0,0,256,256,25.7813
0,0,256,1024,58.251
0,0,256,4096,169.685
0,0,256,16384,610.58
16,0,0,0,9.77067
16,0,1,16,15.0933
16,0,1,64,15.3487
16,0,1,256,16.224
16,0,1,1024,17.3017
16,0,1,4096,17.7497
16,0,1,16384,23.84
16,0,2,16,15.2213
16,0,2,64,15.5203
16,0,2,256,16.4583
16,0,2,1024,17.835
16,0,2,4096,18.357
16,0,2,16384,26.283
16,0,4,16,15.7337
16,0,4,64,15.6793
16,0,4,256,17.0027
16,0,4,1024,17.941
16,0,4,4096,18.976
16,0,4,16384,29.771
16,0,8,16,15.7117
16,0,8,64,15.658
16,0,8,256,17.1307
16,0,8,1024,17.941
16,0,8,4096,23.883
16,0,8,16384,38.0583
16,0,16,16,15.8187
16,0,16,64,15.659
16,0,16,256,17.141
16,0,16,1024,18.9113
16,0,16,4096,27.178
16,0,16,16384,55.893
16,0,32,16,15.915
16,0,32,64,16.2557
16,0,32,256,17.5467
16,0,32,1024,22.7407
16,0,32,4096,38.1333
16,0,32,16384,93.334
16,0,64,16,16.821
16,0,64,64,17.1943
16,0,64,256,19.594
16,0,64,1024,29.248
16,0,64,4096,58.485
16,0,64,16384,167.615
16,0,128,16,20.4377
16,0,128,64,20.2127
16,0,128,256,25.461
16,0,128,1024,42.5283
16,0,128,4096,99.8073
16,0,128,16384,318.87
16,16,0,0,9.89867
16,16,1,16,15.1253
16,16,1,64,15.6793
16,16,1,256,16.4373
16,16,1,1024,17.3337
16,16,1,4096,17.8983
16,16,1,16384,23.9683
16,16,2,16,15.36
16,16,2,64,15.5307
16,16,2,256,16.5117
16,16,2,1024,17.9097
16,16,2,4096,18.496
16,16,2,16384,26.87
16,16,4,16,15.84
16,16,4,64,15.8293
16,16,4,256,17.0773
16,16,4,1024,17.9413
16,16,4,4096,19.0617
16,16,4,16384,29.7497
16,16,8,16,15.6693
16,16,8,64,15.808
16,16,8,256,17.0237
16,16,8,1024,17.867
16,16,8,4096,23.6483
16,16,8,16384,38.7737
16,16,16,16,15.68
16,16,16,64,15.8933
16,16,16,256,17.227
16,16,16,1024,19.082
16,16,16,4096,27.3387
16,16,16,16384,55.6483
16,16,32,16,16.0107
16,16,32,64,16.128
16,16,32,256,17.6103
16,16,32,1024,22.5173
16,16,32,4096,37.7917
16,16,32,16384,93.4397
16,16,64,16,17.131
16,16,64,64,17.1843
16,16,64,256,19.4457
16,16,64,1024,29.5037
16,16,64,4096,58.5703
16,16,64,16384,168.01
16,16,128,16,20.64
16,16,128,64,20.3413
16,16,128,256,25.1097
16,16,128,1024,42.816
16,16,128,4096,98.943
16,16,128,16384,325.93
16,64,0,0,9.76
16,64,1,16,15.0613
16,64,1,64,15.1357
16,64,1,256,16.256
16,64,1,1024,17.3973
16,64,1,4096,17.717
16,64,1,16384,23.904
16,64,2,16,15.4133
16,64,2,64,15.4667
16,64,2,256,16.3947
16,64,2,1024,17.8027
16,64,2,4096,18.453
16,64,2,16384,26.3363
16,64,4,16,15.733
16,64,4,64,15.6373
16,64,4,256,16.938
16,64,4,1024,17.9413
16,64,4,4096,19.0297
16,64,4,16384,29.9093
16,64,8,16,15.5837
16,64,8,64,15.7757
16,64,8,256,16.9177
16,64,8,1024,17.803
16,64,8,4096,23.616
16,64,8,16384,38.2713
16,64,16,16,15.7117
16,64,16,64,15.7543
16,64,16,256,17.0347
16,64,16,1024,18.986
16,64,16,4096,27.0507
16,64,16,16384,56.4587
16,64,32,16,15.9467
16,64,32,64,16.15
16,64,32,256,17.6213
16,64,32,1024,22.528
16,64,32,4096,37.7707
16,64,32,16384,94.1123
16,64,64,16,16.8967
16,64,64,64,17.1307
16,64,64,256,19.4347
16,64,64,1024,29.3013
16,64,64,4096,59.3713
16,64,64,16384,168.352
16,64,128,16,20.661
16,64,128,64,20.1813
16,64,128,256,25.536
16,64,128,1024,42.8487
16,64,128,4096,99.1787
16,64,128,16384,322.303
16,256,0,0,12.6293
16,256,1,16,18.005
16,256,1,64,18.1657
16,256,1,256,19.157
16,256,1,1024,20.3943
16,256,1,4096,20.6507
16,256,1,16384,26.763
16,256,2,16,18.1757
16,256,2,64,18.3037
16,256,2,256,19.328
16,256,2,1024,20.5227
16,256,2,4096,21.2693
16,256,2,16384,29.131
16,256,4,16,18.613
16,256,4,64,18.6983
16,256,4,256,19.8507
16,256,4,1024,20.9173
16,256,4,4096,21.8027
16,256,4,16384,32.9063
16,256,8,16,18.6023
16,256,8,64,18.6453
16,256,8,256,19.8723
16,256,8,1024,20.725
16,256,8,4096,26.667
16,256,8,16384,41.184
16,256,16,16,18.5817
16,256,16,64,18.699
16,256,16,256,19.9783
16,256,16,1024,21.8453
16,256,16,4096,30.39
16,256,16,16384,58.9657
16,256,32,16,18.8483
16,256,32,64,19.0833
16,256,32,256,20.48
16,256,32,1024,25.2687
16,256,32,4096,40.832
16,256,32,16384,96.885
16,256,64,16,19.7653
16,256,64,64,19.8823
16,256,64,256,22.71
16,256,64,1024,31.8827
16,256,64,4096,61.3223
16,256,64,16384,171.168
16,256,128,16,23.6583
16,256,128,64,23.0297
16,256,128,256,28.1813
16,256,128,1024,45.3653
16,256,128,4096,102.965
16,256,128,16384,322.442
16,1024,0,0,21.589
16,1024,1,16,27.8827
16,1024,1,64,28.139
16,1024,1,256,27.605
16,1024,1,1024,29.2483
16,1024,1,4096,29.568
16,1024,1,16384,35.562
16,1024,2,16,28.458
16,1024,2,64,28.7463
16,1024,2,256,28.1067
16,1024,2,1024,29.5463
16,1024,2,4096,30.08
16,1024,2,16384,37.9413
16,1024,4,16,28.8103
16,1024,4,64,28.7677
16,1024,4,256,28.4477
16,1024,4,1024,29.835
16,1024,4,4096,30.7847
16,1024,4,16384,41.3327
16,1024,8,16,28.5437
16,1024,8,64,28.672
16,1024,8,256,28.3943
16,1024,8,1024,29.685
16,1024,8,4096,35.328
16,1024,8,16384,50.0907
16,1024,16,16,29.227
16,1024,16,64,29.2263
16,1024,16,256,28.832
16,1024,16,1024,30.8163
16,1024,16,4096,39.1357
16,1024,16,16384,67.6373
16,1024,32,16,29.7387
16,1024,32,64,29.813
16,1024,32,256,29.6533
16,1024,32,1024,34.5387
16,1024,32,4096,49.4397
16,1024,32,16384,105.791
16,1024,64,16,28.8847
16,1024,64,64,28.8
16,1024,64,256,31.7223
16,1024,64,1024,41.1947
16,1024,64,4096,70.4637
16,1024,64,16384,179.626
16,1024,128,16,32.789
16,1024,128,64,32.245
16,1024,128,256,37.312
16,1024,128,1024,54.2183
16,1024,128,4096,110.997
16,1024,128,16384,332.096
16,4096,0,0,57.5893
16,4096,1,16,64.0533
16,4096,1,64,64.2137
16,4096,1,256,64.0647
16,4096,1,1024,63.9577
16,4096,1,4096,65.579
16,4096,1,16384,71.7447
16,4096,2,16,64.352
16,4096,2,64,64.4373
16,4096,2,256,64.1387
16,4096,2,1024,64.6497
16,4096,2,4096,65.9193
16,4096,2,16384,74.2713
16,4096,4,16,64.6293
16,4096,4,64,64.8107
16,4096,4,256,64.4907
16,4096,4,1024,64.8643
16,4096,4,4096,66.933
16,4096,4,16384,77.3437
16,4096,8,16,65.9307
16,4096,8,64,65.994
16,4096,8,256,66.026
16,4096,8,1024,67.2427
16,4096,8,4096,71.349
16,4096,8,16384,86.0373
16,4096,16,16,65.4503
16,4096,16,64,65.5037
16,4096,16,256,65.2907
16,4096,16,1024,67.1997
16,4096,16,4096,75.0827
16,4096,16,16384,104.459
16,4096,32,16,65.76
16,4096,32,64,65.7273
16,4096,32,256,65.5577
16,4096,32,1024,70.603
16,4096,32,4096,85.5897
16,4096,32,16384,141.418
16,4096,64,16,64.7147
16,4096,64,64,64.9703
16,4096,64,256,67.648
16,4096,64,1024,76.7677
16,4096,64,4096,106.56
16,4096,64,16384,215.999
16,4096,128,16,68.8213
16,4096,128,64,68.2027
16,4096,128,256,73.6957
16,4096,128,1024,90.581
16,4096,128,4096,147.018
16,4096,128,16384,366.985
16,16384,0,0,199.851
16,16384,1,16,216.448
16,16384,1,64,213.535
16,16384,1,256,215.861
16,16384,1,1024,214.463
16,16384,1,4096,216.362
16,16384,1,16384,220.575
16,16384,2,16,214.72
16,16384,2,64,214.538
16,16384,2,256,214.592
16,16384,2,1024,215.018
16,16384,2,4096,216.373
16,16384,2,16384,222.656
16,16384,4,16,214.997
16,16384,4,64,215.252
16,16384,4,256,214.176
16,16384,4,1024,214.879
16,16384,4,4096,217.248
16,16384,4,16384,224.714
16,16384,8,16,214.836
16,16384,8,64,214.772
16,16384,8,256,213.781
16,16384,8,1024,214.666
16,16384,8,4096,219.551
16,16384,8,16384,232.255
16,16384,16,16,214.516
16,16384,16,64,214.228
16,16384,16,256,213.984
16,16384,16,1024,216.832
16,16384,16,4096,222.964
16,16384,16,16384,249.717
16,16384,32,16,215.039
16,16384,32,64,214.847
16,16384,32,256,215.328
16,16384,32,1024,220.501
16,16384,32,4096,233.343
16,16384,32,16384,287.381
16,16384,64,16,213.823
16,16384,64,64,214.111
16,16384,64,256,217.131
16,16384,64,1024,225.407
16,16384,64,4096,253.6
16,16384,64,16384,362.346
16,16384,128,16,216.992
16,16384,128,64,217.909
16,16384,128,256,222.261
16,16384,128,1024,239.455
16,16384,128,4096,295.348
16,16384,128,16384,513.951
64,0,0,0,10.1653
64,0,1,16,15.584
64,0,1,64,15.5517
64,0,1,256,16.693
64,0,1,1024,17.6423
64,0,1,4096,18.2297
64,0,1,16384,23.9993
64,0,2,16,15.5517
64,0,2,64,15.606
64,0,2,256,16.736
64,0,2,1024,18.0693
64,0,2,4096,18.656
64,0,2,16384,26.9443
64,0,4,16,16.17
64,0,4,64,16.0747
64,0,4,256,17.0663
64,0,4,1024,18.2723
64,0,4,4096,19.4137
64,0,4,16384,29.8347
64,0,8,16,16.1283
64,0,8,64,16.096
64,0,8,256,17.248
64,0,8,1024,18.2397
64,0,8,4096,24.074
64,0,8,16384,39.0513
64,0,16,16,16.1177
64,0,16,64,16.0747
64,0,16,256,17.3227
64,0,16,1024,19.4237
64,0,16,4096,27.7433
64,0,16,16384,56.8423
64,0,32,16,16.4157
64,0,32,64,16.3943
64,0,32,256,18.0803
64,0,32,1024,22.7097
64,0,32,4096,38.7627
64,0,32,16384,94.3667
64,0,64,16,17.205
64,0,64,64,17.323
64,0,64,256,19.947
64,0,64,1024,29.6533
64,0,64,4096,59.2637
64,0,64,16384,169.012
64,0,128,16,20.566
64,0,128,64,20.3303
64,0,128,256,25.739
64,0,128,1024,42.496
64,0,128,4096,100.031
64,0,128,16384,318.442
64,16,0,0,10.0483
64,16,1,16,15.6797
64,16,1,64,15.5947
64,16,1,256,16.8323
64,16,1,1024,17.7173
64,16,1,4096,18.101
64,16,1,16384,24.1707
64,16,2,16,15.8833
64,16,2,64,15.626
64,16,2,256,16.832
64,16,2,1024,18.0803
64,16,2,4096,18.7207
64,16,2,16384,26.6133
64,16,4,16,16.085
64,16,4,64,16.064
64,16,4,256,17.2157
64,16,4,1024,18.069
64,16,4,4096,19.3493
64,16,4,16384,30.0587
64,16,8,16,16.0647
64,16,8,64,16.096
64,16,8,256,17.259
64,16,8,1024,18.101
64,16,8,4096,24.053
64,16,8,16384,38.965
64,16,16,16,15.9997
64,16,16,64,16.096
64,16,16,256,17.3543
64,16,16,1024,19.2963
64,16,16,4096,27.5307
64,16,16,16384,56.0957
64,16,32,16,16.2233
64,16,32,64,16.5223
64,16,32,256,17.9627
64,16,32,1024,22.9447
64,16,32,4096,38.5497
64,16,32,16384,94.816
64,16,64,16,17.1627
64,16,64,64,17.333
64,16,64,256,19.84
64,16,64,1024,29.8137
64,16,64,4096,59.4663
64,16,64,16384,169.002
64,16,128,16,20.7573
64,16,128,64,20.5223
64,16,128,256,25.8353
64,16,128,1024,42.8053
64,16,128,4096,100.149
64,16,128,16384,318.794
64,64,0,0,10.1223
64,64,1,16,15.424
64,64,1,64,15.456
64,64,1,256,16.651
64,64,1,1024,17.419
64,64,1,4096,18.027
64,64,1,16384,23.9997
64,64,2,16,15.712
64,64,2,64,15.5727
64,64,2,256,16.778
64,64,2,1024,18.144
64,64,2,4096,18.6243
64,64,2,16384,26.9017
64,64,4,16,16.1183
64,64,4,64,15.989
64,64,4,256,17.2907
64,64,4,1024,18.1767
64,64,4,4096,19.296
64,64,4,16384,29.9847
64,64,8,16,16.0427
64,64,8,64,16.0863
64,64,8,256,17.152
64,64,8,1024,18.176
64,64,8,4096,24.075
64,64,8,16384,38.6767
64,64,16,16,15.9893
64,64,16,64,16.0323
64,64,16,256,17.2373
64,64,16,1024,19.1573
64,64,16,4096,27.595
64,64,16,16384,56.2773
64,64,32,16,16.288
64,64,32,64,16.2883
64,64,32,256,18.059
64,64,32,1024,22.6243
64,64,32,4096,38.6883
64,64,32,16384,94.165
64,64,64,16,17.2163
64,64,64,64,17.2807
64,64,64,256,19.8933
64,64,64,1024,29.2263
64,64,64,4096,59.4563
64,64,64,16384,170.143
64,64,128,16,20.6183
64,64,128,64,20.3197
64,64,128,256,25.28
64,64,128,1024,43.2323
64,64,128,4096,99.4773
64,64,128,16384,318.367
64,256,0,0,12.96
64,256,1,16,18.3467
64,256,1,64,18.4427
64,256,1,256,19.573
64,256,1,1024,20.48
64,256,1,4096,21.0987
64,256,1,16384,27.05
64,256,2,16,18.6557
64,256,2,64,18.538
64,256,2,256,19.6477
64,256,2,1024,21.0127
64,256,2,4096,21.4823
64,256,2,16384,29.4187
64,256,4,16,18.8587
64,256,4,64,18.9217
64,256,4,256,20.181
64,256,4,1024,21.1413
64,256,4,4096,22.2613
64,256,4,16384,32.8963
64,256,8,16,19.0507
64,256,8,64,18.987
64,256,8,256,20.2137
64,256,8,1024,21.1417
64,256,8,4096,27.0293
64,256,8,16384,42.3467
64,256,16,16,19.0187
64,256,16,64,18.9643
64,256,16,256,20.2023
64,256,16,1024,22.069
64,256,16,4096,30.3677
64,256,16,16384,59.4877
64,256,32,16,19.1253
64,256,32,64,19.339
64,256,32,256,20.853
64,256,32,1024,25.9203
64,256,32,4096,41.5253
64,256,32,16384,97.2693
64,256,64,16,20.256
64,256,64,64,20.2667
64,256,64,256,22.827
64,256,64,1024,32.1817
64,256,64,4096,62.2397
64,256,64,16384,171.648
64,256,128,16,23.6377
64,256,128,64,23.157
64,256,128,256,28.523
64,256,128,1024,45.75
64,256,128,4096,102.848
64,256,128,16384,325.002
64,1024,0,0,21.8557
64,1024,1,16,28.2347
64,1024,1,64,28.3737
64,1024,1,256,28.0423
64,1024,1,1024,29.2157
64,1024,1,4096,29.877
64,1024,1,16384,36.0103
64,1024,2,16,28.7463
64,1024,2,64,28.8107
64,1024,2,256,28.5227
64,1024,2,1024,29.824
64,1024,2,4096,30.539
64,1024,2,16384,38.1337
64,1024,4,16,28.9807
64,1024,4,64,29.0443
64,1024,4,256,28.7893
64,1024,4,1024,30.0907
64,1024,4,4096,31.1037
64,1024,4,16384,42.048
64,1024,8,16,28.8213
64,1024,8,64,28.9063
64,1024,8,256,28.672
64,1024,8,1024,30.144
64,1024,8,4096,35.8613
64,1024,8,16384,50.7307
64,1024,16,16,29.3863
64,1024,16,64,29.269
64,1024,16,256,29.1413
64,1024,16,1024,30.9967
64,1024,16,4096,39.2637
64,1024,16,16384,68.3303
64,1024,32,16,30.2293
64,1024,32,64,30.102
64,1024,32,256,30.229
64,1024,32,1024,34.7843
64,1024,32,4096,50.784
64,1024,32,16384,106.475
64,1024,64,16,29.0343
64,1024,64,64,29.1307
64,1024,64,256,31.8617
64,1024,64,1024,41.0123
64,1024,64,4096,71.051
64,1024,64,16384,180.479
64,1024,128,16,32.682
64,1024,128,64,32.064
64,1024,128,256,37.525
64,1024,128,1024,54.389
64,1024,128,4096,112.533
64,1024,128,16384,333.162
64,4096,0,0,57.7707
64,4096,1,16,64.3413
64,4096,1,64,64.7357
64,4096,1,256,64.234
64,4096,1,1024,64.33
64,4096,1,4096,65.7923
64,4096,1,16384,72.1707
64,4096,2,16,64.9913
64,4096,2,64,64.9173
64,4096,2,256,64.6293
64,4096,2,1024,64.864
64,4096,2,4096,66.645
64,4096,2,16384,75.0187
64,4096,4,16,64.8423
64,4096,4,64,64.896
64,4096,4,256,64.6507
64,4096,4,1024,64.8747
64,4096,4,4096,66.9973
64,4096,4,16384,78.325
64,4096,8,16,66.5063
64,4096,8,64,66.581
64,4096,8,256,66.3143
64,4096,8,1024,67.5203
64,4096,8,4096,71.7543
64,4096,8,16384,86.5277
64,4096,16,16,65.7277
64,4096,16,64,65.8243
64,4096,16,256,65.6853
64,4096,16,1024,67.7327
64,4096,16,4096,75.2743
64,4096,16,16384,104.042
64,4096,32,16,66.1333
64,4096,32,64,66.272
64,4096,32,256,66.155
64,4096,32,1024,71.4133
64,4096,32,4096,86.1973
64,4096,32,16384,142.592
64,4096,64,16,65.045
64,4096,64,64,65.2367
64,4096,64,256,68.2567
64,4096,64,1024,77.333
64,4096,64,4096,106.965
64,4096,64,16384,216.054
64,4096,128,16,68.9177
64,4096,128,64,68.4477
64,4096,128,256,73.6213
64,4096,128,1024,90.9973
64,4096,128,4096,147.871
64,4096,128,16384,370.1
64,16384,0,0,199.989
64,16384,1,16,216.853
64,16384,1,64,217.173
64,16384,1,256,216.821
64,16384,1,1024,214.869
64,16384,1,4096,215.946
64,16384,1,16384,220.864
64,16384,2,16,214.965
64,16384,2,64,215.317
64,16384,2,256,215.199
64,16384,2,1024,215.253
64,16384,2,4096,217.354
64,16384,2,16384,223.317
64,16384,4,16,215.104
64,16384,4,64,214.987
64,16384,4,256,214.848
64,16384,4,1024,215.359
64,16384,4,4096,217.503
64,16384,4,16384,224.651
64,16384,8,16,214.944
64,16384,8,64,215.157
64,16384,8,256,215.04
64,16384,8,1024,215.179
64,16384,8,4096,216.383
64,16384,8,16384,232.341
64,16384,16,16,214.826
64,16384,16,64,212.618
64,16384,16,256,214.688
64,16384,16,1024,217.451
64,16384,16,4096,223.338
64,16384,16,16384,250.463
64,16384,32,16,215.381
64,16384,32,64,215.637
64,16384,32,256,215.627
64,16384,32,1024,221.035
64,16384,32,4096,233.802
64,16384,32,16384,287.338
64,16384,64,16,214.698
64,16384,64,64,214.24
64,16384,64,256,218.068
64,16384,64,1024,225.471
64,16384,64,4096,253.919
64,16384,64,16384,362.869
64,16384,128,16,217.737
64,16384,128,64,217.621
64,16384,128,256,223.327
64,16384,128,1024,239.434
64,16384,128,4096,295.562
64,16384,128,16384,512.959
256,0,0,0,13.2797
256,0,1,16,19.1033
256,0,1,64,19.242
256,0,1,256,20.1287
256,0,1,1024,21.1093
256,0,1,4096,21.685
256,0,1,16384,28.107
256,0,2,16,19.0927
256,0,2,64,18.976
256,0,2,256,20.1497
256,0,2,1024,21.301
256,0,2,4096,22.304
256,0,2,16384,30.634
256,0,4,16,19.5097
256,0,4,64,19.4877
256,0,4,256,20.704
256,0,4,1024,21.6637
256,0,4,4096,22.8377
256,0,4,16384,33.7283
256,0,8,16,19.488
256,0,8,64,19.5837
256,0,8,256,20.6933
256,0,8,1024,21.7063
256,0,8,4096,27.467
256,0,8,16384,43.296
256,0,16,16,19.424
256,0,16,64,19.5623
256,0,16,256,20.7037
256,0,16,1024,22.933
256,0,16,4096,30.9757
256,0,16,16384,60.5537
256,0,32,16,19.5197
256,0,32,64,19.7653
256,0,32,256,21.3757
256,0,32,1024,26.379
256,0,32,4096,43.136
256,0,32,16384,99.3597
256,0,64,16,20.7143
256,0,64,64,20.8853
256,0,64,256,23.4773
256,0,64,1024,32.3623
256,0,64,4096,63.4563
256,0,64,16384,173.408
256,0,128,16,24.1273
256,0,128,64,23.7333
256,0,128,256,28.448
256,0,128,1024,46.3033
256,0,128,4096,103.786
256,0,128,16384,322.495
256,16,0,0,15.3493
256,16,1,16,20.9067
256,16,1,64,20.7467
256,16,1,256,22.0157
256,16,1,1024,22.9647
256,16,1,4096,23.5093
256,16,1,16384,29.6317
256,16,2,16,20.949
256,16,2,64,21.023
256,16,2,256,22.1
256,16,2,1024,23.2637
256,16,2,4096,23.936
256,16,2,16384,32.363
256,16,4,16,21.461
256,16,4,64,21.365
256,16,4,256,22.6137
256,16,4,1024,23.5947
256,16,4,4096,24.651
256,16,4,16384,35.7977
256,16,8,16,21.2903
256,16,8,64,21.408
256,16,8,256,22.5917
256,16,8,1024,23.6367
256,16,8,4096,29.386
256,16,8,16384,44.885
256,16,16,16,21.1093
256,16,16,64,21.184
256,16,16,256,22.4007
256,16,16,1024,24.4583
256,16,16,4096,32.64
256,16,16,16384,62.3147
256,16,32,16,21.354
256,16,32,64,21.5577
256,16,32,256,23.0503
256,16,32,1024,28.2023
256,16,32,4096,44.9173
256,16,32,16384,100.81
256,16,64,16,22.2617
256,16,64,64,22.55
256,16,64,256,25.237
256,16,64,1024,34.4103
256,16,64,4096,64.864
256,16,64,16384,174.911
256,16,128,16,25.802
256,16,128,64,25.4393
256,16,128,256,30.837
256,16,128,1024,47.3063
256,16,128,4096,104.831
256,16,128,16384,326.495
256,64,0,0,15.1257
256,64,1,16,20.651
256,64,1,64,20.683
256,64,1,256,21.8557
256,64,1,1024,22.859
256,64,1,4096,23.392
256,64,1,16384,29.493
256,64,2,16,20.843
256,64,2,64,20.843
256,64,2,256,21.888
256,64,2,1024,23.1043
256,64,2,4096,23.8717
256,64,2,16384,31.8723
256,64,4,16,21.2693
256,64,4,64,21.313
256,64,4,256,22.379
256,64,4,1024,23.4137
256,64,4,4096,24.5433
256,64,4,16384,35.4347
256,64,8,16,21.1947
256,64,8,64,21.3447
256,64,8,256,22.4853
256,64,8,1024,23.5627
256,64,8,4096,29.1733
256,64,8,16384,44.7037
256,64,16,16,21.1943
256,64,16,64,21.1307
256,64,16,256,22.4317
256,64,16,1024,24.4373
256,64,16,4096,32.886
256,64,16,16384,62.378
256,64,32,16,21.247
256,64,32,64,21.451
256,64,32,256,23.029
256,64,32,1024,28.299
256,64,32,4096,44.7257
256,64,32,16384,100.704
256,64,64,16,22.442
256,64,64,64,22.282
256,64,64,256,25.365
256,64,64,1024,34.1867
256,64,64,4096,65.1307
256,64,64,16384,174.357
256,64,128,16,25.6847
256,64,128,64,25.4077
256,64,128,256,30.1973
256,64,128,1024,47.3173
256,64,128,4096,105.066
256,64,128,16384,329.226
256,256,0,0,16.363
256,256,1,16,21.813
256,256,1,64,22.0903
256,256,1,256,23.2
256,256,1,1024,23.904
256,256,1,4096,24.5967
256,256,1,16384,30.8793
256,256,2,16,21.9527
256,256,2,64,22.0053
256,256,2,256,23.2003
256,256,2,1024,24.3623
256,256,2,4096,25.098
256,256,2,16384,33.642
256,256,4,16,22.4533
256,256,4,64,22.4963
256,256,4,256,23.6487
256,256,4,1024,24.619
256,256,4,4096,25.76
256,256,4,16384,36.8963
256,256,8,16,22.2827
256,256,8,64,22.507
256,256,8,256,23.6053
256,256,8,1024,24.6193
256,256,8,4096,30.4217
256,256,8,16384,46.1327
256,256,16,16,22.3467
256,256,16,64,22.347
256,256,16,256,23.5417
256,256,16,1024,25.5147
256,256,16,4096,33.8233
256,256,16,16384,63.7647
256,256,32,16,22.57
256,256,32,64,22.5813
256,256,32,256,24.1383
256,256,32,1024,29.2273
256,256,32,4096,45.7493
256,256,32,16384,101.6
256,256,64,16,23.3707
256,256,64,64,23.7337
256,256,64,256,26.2397
256,256,64,1024,35.5737
256,256,64,4096,66.1647
256,256,64,16384,176.48
256,256,128,16,27.0293
256,256,128,64,26.4217
256,256,128,256,31.3173
256,256,128,1024,48.7783
256,256,128,4096,106.122
256,256,128,16384,329.994
256,1024,0,0,25.2483
256,1024,1,16,32.043
256,1024,1,64,32.0317
256,1024,1,256,31.7867
256,1024,1,1024,33.1947
256,1024,1,4096,33.7173
256,1024,1,16384,39.829
256,1024,2,16,32.2877
256,1024,2,64,32.3627
256,1024,2,256,32.1167
256,1024,2,1024,33.4193
256,1024,2,4096,34.1653
256,1024,2,16384,42.399
256,1024,4,16,32.362
256,1024,4,64,32.3193
256,1024,4,256,32.1603
256,1024,4,1024,33.3867
256,1024,4,4096,34.582
256,1024,4,16384,45.6113
256,1024,8,16,32.2557
256,1024,8,64,32.256
256,1024,8,256,32.1073
256,1024,8,1024,33.2903
256,1024,8,4096,39.2213
256,1024,8,16384,54.9227
256,1024,16,16,32.8427
256,1024,16,64,32.8427
256,1024,16,256,32.5333
256,1024,16,1024,34.5067
256,1024,16,4096,42.774
256,1024,16,16384,73.2697
256,1024,32,16,33.6643
256,1024,32,64,33.6533
256,1024,32,256,33.6857
256,1024,32,1024,38.6667
256,1024,32,4096,54.784
256,1024,32,16384,111.147
256,1024,64,16,32.6507
256,1024,64,64,32.8537
256,1024,64,256,35.445
256,1024,64,1024,44.5757
256,1024,64,4096,75.456
256,1024,64,16384,184.01
256,1024,128,16,35.9147
256,1024,128,64,35.6053
256,1024,128,256,40.49
256,1024,128,1024,57.8233
256,1024,128,4096,115.819
256,1024,128,16384,337.866
256,4096,0,0,61.2267
256,4096,1,16,68.0957
256,4096,1,64,68.246
256,4096,1,256,67.9677
256,4096,1,1024,68.0747
256,4096,1,4096,69.408
256,4096,1,16384,76.2237
256,4096,2,16,68.427
256,4096,2,64,68.565
256,4096,2,256,68.32
256,4096,2,1024,68.5657
256,4096,2,4096,69.909
256,4096,2,16384,78.9333
256,4096,4,16,68.939
256,4096,4,64,68.853
256,4096,4,256,68.4587
256,4096,4,1024,68.8747
256,4096,4,4096,71.1677
256,4096,4,16384,81.876
256,4096,8,16,69.9093
256,4096,8,64,70.0367
256,4096,8,256,69.909
256,4096,8,1024,71.253
256,4096,8,4096,75.541
256,4096,8,16384,91.6157
256,4096,16,16,69.1837
256,4096,16,64,69.1837
256,4096,16,256,68.9173
256,4096,16,1024,71.136
256,4096,16,4096,78.9233
256,4096,16,16384,108.299
256,4096,32,16,69.696
256,4096,32,64,69.6003
256,4096,32,256,69.5463
256,4096,32,1024,74.485
256,4096,32,4096,90.6343
256,4096,32,16384,147.285
256,4096,64,16,68.618
256,4096,64,64,69.109
256,4096,64,256,71.7113
256,4096,64,1024,80.682
256,4096,64,4096,111.232
256,4096,64,16384,220.97
256,4096,128,16,72.1177
256,4096,128,64,71.8187
256,4096,128,256,76.8427
256,4096,128,1024,94.1013
256,4096,128,4096,151.477
256,4096,128,16384,374.815
256,16384,0,0,203.936
256,16384,1,16,220.79
256,16384,1,64,220.938
256,16384,1,256,220.416
256,16384,1,1024,218.219
256,16384,1,4096,220.299
256,16384,1,16384,224.863
256,16384,2,16,219.499
256,16384,2,64,219.295
256,16384,2,256,219.317
256,16384,2,1024,219.275
256,16384,2,4096,221.088
256,16384,2,16384,227.541
256,16384,4,16,219.317
256,16384,4,64,219.093
256,16384,4,256,218.304
256,16384,4,1024,219.519
256,16384,4,4096,221.856
256,16384,4,16384,228.81
256,16384,8,16,218.795
256,16384,8,64,219.04
256,16384,8,256,218.634
256,16384,8,1024,218.783
256,16384,8,4096,224.373
256,16384,8,16384,237.066
256,16384,16,16,218.794
256,16384,16,64,218.453
256,16384,16,256,218.527
256,16384,16,1024,221.205
256,16384,16,4096,226.836
256,16384,16,16384,254.709
256,16384,32,16,219.979
256,16384,32,64,219.636
256,16384,32,256,220.032
256,16384,32,1024,224.682
256,16384,32,4096,238.688
256,16384,32,16384,293.119
256,16384,64,16,218.378
256,16384,64,64,218.784
256,16384,64,256,221.685
256,16384,64,1024,229.343
256,16384,64,4096,258.687
256,16384,64,16384,366.879
256,16384,128,16,220.852
256,16384,128,64,221.163
256,16384,128,256,225.514
256,16384,128,1024,241.557
256,16384,128,4096,298.912
256,16384,128,16384,521.161
1024,0,0,0,26.2933
1024,0,1,16,33.002
1024,0,1,64,32.875
1024,0,1,256,32.832
1024,0,1,1024,33.9633
1024,0,1,4096,34.795
1024,0,1,16384,41.3543
1024,0,2,16,33.1733
1024,0,2,64,33.088
1024,0,2,256,32.8967
1024,0,2,1024,34.1223
1024,0,2,4096,35.435
1024,0,2,16384,43.808
1024,0,4,16,33.2477
1024,0,4,64,33.461
1024,0,4,256,33.184
1024,0,4,1024,34.4963
1024,0,4,4096,36.0853
1024,0,4,16384,47.6587
1024,0,8,16,33.579
1024,0,8,64,33.8037
1024,0,8,256,33.2483
1024,0,8,1024,34.689
1024,0,8,4096,40.8743
1024,0,8,16384,59.2747
1024,0,16,16,33.8343
1024,0,16,64,33.8557
1024,0,16,256,33.9303
1024,0,16,1024,36.075
1024,0,16,4096,44.8007
1024,0,16,16384,78.0583
1024,0,32,16,34.7093
1024,0,32,64,34.837
1024,0,32,256,34.6343
1024,0,32,1024,39.1573
1024,0,32,4096,57.0983
1024,0,32,16384,115.594
1024,0,64,16,33.429
1024,0,64,64,33.4397
1024,0,64,256,35.872
1024,0,64,1024,45.3543
1024,0,64,4096,77.8983
1024,0,64,16384,188.138
1024,0,128,16,36.64
1024,0,128,64,36.458
1024,0,128,256,41.0773
1024,0,128,1024,58.8263
1024,0,128,4096,119.2
1024,0,128,16384,340.415
1024,16,0,0,28.4583
1024,16,1,16,34.848
1024,16,1,64,34.9657
1024,16,1,256,34.5923
1024,16,1,1024,36.1597
1024,16,1,4096,36.768
1024,16,1,16384,43.189
1024,16,2,16,35.2853
1024,16,2,64,35.5097
1024,16,2,256,34.986
1024,16,2,1024,36.672
1024,16,2,4096,37.12
1024,16,2,16384,46.2083
1024,16,4,16,35.1997
1024,16,4,64,35.2747
1024,16,4,256,34.955
1024,16,4,1024,36.5227
1024,16,4,4096,38.0063
1024,16,4,16384,49.5037
1024,16,8,16,35.445
1024,16,8,64,35.35
1024,16,8,256,35.0823
1024,16,8,1024,36.5123
1024,16,8,4096,42.57
1024,16,8,16384,60.7783
1024,16,16,16,35.85
1024,16,16,64,36.0637
1024,16,16,256,36.0003
1024,16,16,1024,38.0267
1024,16,16,4096,46.656
1024,16,16,16384,80.1707
1024,16,32,16,36.725
1024,16,32,64,36.6503
1024,16,32,256,36.501
1024,16,32,1024,41.0233
1024,16,32,4096,59.477
1024,16,32,16384,117.728
1024,16,64,16,35.231
1024,16,64,64,35.5197
1024,16,64,256,37.8767
1024,16,64,1024,46.88
1024,16,64,4096,79.946
1024,16,64,16384,190.656
1024,16,128,16,38.4853
1024,16,128,64,38.3893
1024,16,128,256,42.8373
1024,16,128,1024,60.8637
1024,16,128,4096,121.174
1024,16,128,16384,340.853
1024,64,0,0,28.1923
1024,64,1,16,35.2853
1024,64,1,64,34.517
1024,64,1,256,34.7303
1024,64,1,1024,35.7337
1024,64,1,4096,36.5017
1024,64,1,16384,42.9333
1024,64,2,16,35.4247
1024,64,2,64,35.1253
1024,64,2,256,35.1573
1024,64,2,1024,36.2883
1024,64,2,4096,37.2267
1024,64,2,16384,45.6217
1024,64,4,16,35.1037
1024,64,4,64,35.2537
1024,64,4,256,35.061
1024,64,4,1024,36.5017
1024,64,4,4096,38.1437
1024,64,4,16384,49.4613
1024,64,8,16,35.36
1024,64,8,64,35.3707
1024,64,8,256,35.072
1024,64,8,1024,36.789
1024,64,8,4096,42.6237
1024,64,8,16384,60.64
1024,64,16,16,35.8187
1024,64,16,64,35.9467
1024,64,16,256,36.075
1024,64,16,1024,37.92
1024,64,16,4096,46.645
1024,64,16,16384,80.277
1024,64,32,16,36.4263
1024,64,32,64,36.3837
1024,64,32,256,36.5443
1024,64,32,1024,40.7247
1024,64,32,4096,59.4777
1024,64,32,16384,117.931
1024,64,64,16,35.36
1024,64,64,64,35.5947
1024,64,64,256,38.0263
1024,64,64,1024,46.912
1024,64,64,4096,80.7363
1024,64,64,16384,189.844
1024,64,128,16,38.7407
1024,64,128,64,38.2613
1024,64,128,256,42.9333
1024,64,128,1024,60.6933
1024,64,128,4096,121.237
1024,64,128,16384,340.895
1024,256,0,0,29.536
1024,256,1,16,35.9777
1024,256,1,64,36.4907
1024,256,1,256,35.7543
1024,256,1,1024,37.3543
1024,256,1,4096,37.696
1024,256,1,16384,44.3733
1024,256,2,16,36.4373
1024,256,2,64,36.8217
1024,256,2,256,36.3097
1024,256,2,1024,37.6433
1024,256,2,4096,38.4213
1024,256,2,16384,47.3707
1024,256,4,16,36.4153
1024,256,4,64,36.6933
1024,256,4,256,36.2347
1024,256,4,1024,37.6313
1024,256,4,4096,39.136
1024,256,4,16384,50.7087
1024,256,8,16,36.4797
1024,256,8,64,36.704
1024,256,8,256,36.5007
1024,256,8,1024,37.92
1024,256,8,4096,43.9467
1024,256,8,16384,62.261
1024,256,16,16,37.344
1024,256,16,64,37.43
1024,256,16,256,37.2047
1024,256,16,1024,39.328
1024,256,16,4096,48.021
1024,256,16,16384,81.248
1024,256,32,16,37.8777
1024,256,32,64,37.984
1024,256,32,256,38.0263
1024,256,32,1024,42.165
1024,256,32,4096,60.6723
1024,256,32,16384,118.943
1024,256,64,16,36.352
1024,256,64,64,36.7787
1024,256,64,256,38.9653
1024,256,64,1024,48.0427
1024,256,64,4096,81.5577
1024,256,64,16384,191.286
1024,256,128,16,39.7433
1024,256,128,64,39.5307
1024,256,128,256,43.9253
1024,256,128,1024,61.9727
1024,256,128,4096,122.4
1024,256,128,16384,342.495
1024,1024,0,0,39.5623
1024,1024,1,16,46.3037
1024,1024,1,64,46.3253
1024,1024,1,256,46.282
1024,1024,1,1024,47.5733
1024,1024,1,4096,48.277
1024,1024,1,16384,54.719
1024,1024,2,16,46.9647
1024,1024,2,64,47.061
1024,1024,2,256,46.6133
1024,1024,2,1024,47.872
1024,1024,2,4096,48.7037
1024,1024,2,16384,57.1303
1024,1024,4,16,47.051
1024,1024,4,64,47.1467
1024,1024,4,256,46.699
1024,1024,4,1024,47.883
1024,1024,4,4096,49.3127
1024,1024,4,16384,61.0563
1024,1024,8,16,47.018
1024,1024,8,64,46.9763
1024,1024,8,256,46.8257
1024,1024,8,1024,48.4367
1024,1024,8,4096,54.4857
1024,1024,8,16384,72.2983
1024,1024,16,16,47.7973
1024,1024,16,64,48.1807
1024,1024,16,256,47.6687
1024,1024,16,1024,49.952
1024,1024,16,4096,58.3143
1024,1024,16,16384,91.2633
1024,1024,32,16,48.1387
1024,1024,32,64,48.0533
1024,1024,32,256,48.2457
1024,1024,32,1024,52.458
1024,1024,32,4096,70.858
1024,1024,32,16384,128.512
1024,1024,64,16,46.7943
1024,1024,64,64,46.7413
1024,1024,64,256,49.3227
1024,1024,64,1024,58.3253
1024,1024,64,4096,91.7867
1024,1024,64,16384,201.396
1024,1024,128,16,50.3573
1024,1024,128,64,49.6313
1024,1024,128,256,54.4427
1024,1024,128,1024,72.4273
1024,1024,128,4096,133.227
1024,1024,128,16384,350.932
1024,4096,0,0,79.4983
1024,4096,1,16,85.983
1024,4096,1,64,86.1123
1024,4096,1,256,85.781
1024,4096,1,1024,86.4323
1024,4096,1,4096,87.7437
1024,4096,1,16384,94.282
1024,4096,2,16,86.3993
1024,4096,2,64,86.827
1024,4096,2,256,86.3037
1024,4096,2,1024,86.5067
1024,4096,2,4096,88.0743
1024,4096,2,16384,96.7683
1024,4096,4,16,86.506
1024,4096,4,64,86.496
1024,4096,4,256,86.3997
1024,4096,4,1024,86.7833
1024,4096,4,4096,89.2903
1024,4096,4,16384,100.629
1024,4096,8,16,87.978
1024,4096,8,64,88.1487
1024,4096,8,256,88.2663
1024,4096,8,1024,89.6107
1024,4096,8,4096,93.8453
1024,4096,8,16384,111.808
1024,4096,16,16,87.2963
1024,4096,16,64,87.3703
1024,4096,16,256,87.5093
1024,4096,16,1024,89.8027
1024,4096,16,4096,97.7173
1024,4096,16,16384,130.752
1024,4096,32,16,87.2853
1024,4096,32,64,87.616
1024,4096,32,256,87.6903
1024,4096,32,1024,92.0647
1024,4096,32,4096,110.495
1024,4096,32,16384,168.683
1024,4096,64,16,86.347
1024,4096,64,64,86.5493
1024,4096,64,256,88.65
1024,4096,64,1024,98.112
1024,4096,64,4096,131.701
1024,4096,64,16384,241.045
1024,4096,128,16,90.0483
1024,4096,128,64,89.7393
1024,4096,128,256,93.8987
1024,4096,128,1024,112.373
1024,4096,128,4096,172.138
1024,4096,128,16384,389.77
1024,16384,0,0,234.848
1024,16384,1,16,251.989
1024,16384,1,64,251.295
1024,16384,1,256,249.941
1024,16384,1,1024,249.45
1024,16384,1,4096,251.424
1024,16384,1,16384,256.149
1024,16384,2,16,250.058
1024,16384,2,64,250.261
1024,16384,2,256,249.994
1024,16384,2,1024,250.175
1024,16384,2,4096,252.255
1024,16384,2,16384,258.742
1024,16384,4,16,250.996
1024,16384,4,64,250.506
1024,16384,4,256,249.781
1024,16384,4,1024,249.802
1024,16384,4,4096,252.01
1024,16384,4,16384,262.005
1024,16384,8,16,249.611
1024,16384,8,64,250.282
1024,16384,8,256,249.279
1024,16384,8,1024,250.709
1024,16384,8,4096,255.882
1024,16384,8,16384,271.53
1024,16384,16,16,249.439
1024,16384,16,64,249.396
1024,16384,16,256,248.896
1024,16384,16,1024,251.872
1024,16384,16,4096,259.733
1024,16384,16,16384,289.504
1024,16384,32,16,249.835
1024,16384,32,64,249.45
1024,16384,32,256,250.57
1024,16384,32,1024,254.539
1024,16384,32,4096,271.339
1024,16384,32,16384,327.156
1024,16384,64,16,247.509
1024,16384,64,64,248.971
1024,16384,64,256,250.335
1024,16384,64,1024,259.828
1024,16384,64,4096,290.762
1024,16384,64,16384,399.37
1024,16384,128,16,249.609
1024,16384,128,64,250.624
1024,16384,128,256,256.278
1024,16384,128,1024,274.933
1024,16384,128,4096,331.039
1024,16384,128,16384,549.866
2048,0,0,0,61.5357
2048,0,1,16,68.054
2048,0,1,64,68.096
2048,0,1,256,67.9777
2048,0,1,1024,69.1627
2048,0,1,4096,69.6537
2048,0,1,16384,76.3413
2048,0,2,16,68.6507
2048,0,2,64,68.8423
2048,0,2,256,68.3313
2048,0,2,1024,69.654
2048,0,2,4096,70.603
2048,0,2,16384,79.744
2048,0,4,16,68.65
2048,0,4,64,68.502
2048,0,4,256,68.384
2048,0,4,1024,69.578
2048,0,4,4096,71.2417
2048,0,4,16384,84.3847
2048,0,8,16,68.597
2048,0,8,64,68.7037
2048,0,8,256,68.6607
2048,0,8,1024,69.8763
2048,0,8,4096,76.3303
2048,0,8,16384,96.1277
2048,0,16,16,69.525
2048,0,16,64,69.813
2048,0,16,256,69.4497
2048,0,16,1024,71.456
2048,0,16,4096,80.991
2048,0,16,16384,116.395
2048,0,32,16,70.006
2048,0,32,64,69.973
2048,0,32,256,69.845
2048,0,32,1024,74.848
2048,0,32,4096,94.0157
2048,0,32,16384,154.699
2048,0,64,16,68.8527
2048,0,64,64,69.1087
2048,0,64,256,71.3283
2048,0,64,1024,81.291
2048,0,64,4096,116.075
2048,0,64,16384,227.402
2048,0,128,16,72.1817
2048,0,128,64,71.9247
2048,0,128,256,76.629
2048,0,128,1024,95.317
2048,0,128,4096,156.938
2048,0,128,16384,377.365
2048,16,0,0,67.04
2048,16,1,16,73.365
2048,16,1,64,73.5247
2048,16,1,256,73.3757
2048,16,1,1024,73.215
2048,16,1,4096,74.8053
2048,16,1,16384,81.8877
2048,16,2,16,73.9097
2048,16,2,64,73.6853
2048,16,2,256,73.8337
2048,16,2,1024,73.9837
2048,16,2,4096,75.786
2048,16,2,16384,84.8853
2048,16,4,16,73.888
2048,16,4,64,73.7917
2048,16,4,256,73.4933
2048,16,4,1024,73.8773
2048,16,4,4096,76.4903
2048,16,4,16384,89.429
2048,16,8,16,73.8553
2048,16,8,64,74.0053
2048,16,8,256,73.909
2048,16,8,1024,74.8053
2048,16,8,4096,81.696
2048,16,8,16384,101.11
2048,16,16,16,75.136
2048,16,16,64,75.2213
2048,16,16,256,74.6133
2048,16,16,1024,77.024
2048,16,16,4096,86.336
2048,16,16,16384,122.688
2048,16,32,16,75.019
2048,16,32,64,75.9143
2048,16,32,256,75.296
2048,16,32,1024,79.872
2048,16,32,4096,98.9337
2048,16,32,16384,161.002
2048,16,64,16,74.5703
2048,16,64,64,74.2613
2048,16,64,256,76.7143
2048,16,64,1024,86.2933
2048,16,64,4096,121.354
2048,16,64,16384,233.493
2048,16,128,16,77.579
2048,16,128,64,77.44
2048,16,128,256,82.2613
2048,16,128,1024,100.939
2048,16,128,4096,161.269
2048,16,128,16384,380.17
2048,64,0,0,66.656
2048,64,1,16,73.4717
2048,64,1,64,73.0977
2048,64,1,256,73.0553
2048,64,1,1024,72.8103
2048,64,1,4096,74.7627
2048,64,1,16384,81.1837
2048,64,2,16,74.133
2048,64,2,64,73.8877
2048,64,2,256,73.568
2048,64,2,1024,73.8343
2048,64,2,4096,75.4987
2048,64,2,16384,85.3337
2048,64,4,16,73.8343
2048,64,4,64,73.962
2048,64,4,256,73.4187
2048,64,4,1024,73.717
2048,64,4,4096,75.8617
2048,64,4,16384,89.1727
2048,64,8,16,73.8137
2048,64,8,64,73.8557
2048,64,8,256,73.6743
2048,64,8,1024,74.6347
2048,64,8,4096,81.611
2048,64,8,16384,101.066
2048,64,16,16,74.7947
2048,64,16,64,74.6557
2048,64,16,256,75.1253
2048,64,16,1024,76.8747
2048,64,16,4096,86.5067
2048,64,16,16384,121.952
2048,64,32,16,75.4137
2048,64,32,64,75.168
2048,64,32,256,75.168
2048,64,32,1024,79.8297
2048,64,32,4096,99.1573
2048,64,32,16384,160.17
2048,64,64,16,74.3893
2048,64,64,64,74.2823
2048,64,64,256,76.4903
2048,64,64,1024,87.0507
2048,64,64,4096,121.098
2048,64,64,16384,233.11
2048,64,128,16,77.5897
2048,64,128,64,77.152
2048,64,128,256,81.91
2048,64,128,1024,100.277
2048,64,128,4096,161.728
2048,64,128,16384,379.648
2048,256,0,0,69.7387
2048,256,1,16,76.5227
2048,256,1,64,76.309
2048,256,1,256,75.9887
2048,256,1,1024,76.2237
2048,256,1,4096,77.8353
2048,256,1,16384,84.4263
2048,256,2,16,76.5013
2048,256,2,64,77.1093
2048,256,2,256,76.5227
2048,256,2,1024,77.173
2048,256,2,4096,78.123
2048,256,2,16384,87.744
2048,256,4,16,76.6187
2048,256,4,64,76.4803
2048,256,4,256,76.128
2048,256,4,1024,76.8213
2048,256,4,4096,79.296
2048,256,4,16384,92.1807
2048,256,8,16,76.757
2048,256,8,64,76.9603
2048,256,8,256,76.5867
2048,256,8,1024,77.3013
2048,256,8,4096,84.672
2048,256,8,16384,103.274
2048,256,16,16,77.6433
2048,256,16,64,77.6527
2048,256,16,256,77.611
2048,256,16,1024,79.9783
2048,256,16,4096,89.0663
2048,256,16,16384,124.619
2048,256,32,16,77.834
2048,256,32,64,77.856
2048,256,32,256,78.2407
2048,256,32,1024,82.794
2048,256,32,4096,102.059
2048,256,32,16384,162.186
2048,256,64,16,77.078
2048,256,64,64,77.0347
2048,256,64,256,79.7227
2048,256,64,1024,89.5993
2048,256,64,4096,123.894
2048,256,64,16384,235.477
2048,256,128,16,80.16
2048,256,128,64,80.0637
2048,256,128,256,84.576
2048,256,128,1024,103.594
2048,256,128,4096,164.042
2048,256,128,16384,384.116
2048,1024,0,0,89.8987
2048,1024,1,16,96.683
2048,1024,1,64,96.4687
2048,1024,1,256,96.448
2048,1024,1,1024,96.6077
2048,1024,1,4096,98.4327
2048,1024,1,16384,105.045
2048,1024,2,16,96.9383
2048,1024,2,64,97.088
2048,1024,2,256,96.6823
2048,1024,2,1024,96.6933
2048,1024,2,4096,98.8263
2048,1024,2,16384,108.32
2048,1024,4,16,96.7037
2048,1024,4,64,96.853
2048,1024,4,256,97.0347
2048,1024,4,1024,97.1737
2048,1024,4,4096,99.445
2048,1024,4,16384,112.873
2048,1024,8,16,97.7173
2048,1024,8,64,97.9837
2048,1024,8,256,97.183
2048,1024,8,1024,98.2297
2048,1024,8,4096,105.024
2048,1024,8,16384,124.395
2048,1024,16,16,97.9193
2048,1024,16,64,98.059
2048,1024,16,256,97.8767
2048,1024,16,1024,100.16
2048,1024,16,4096,109.344
2048,1024,16,16384,144.852
2048,1024,32,16,98.3143
2048,1024,32,64,98.2397
2048,1024,32,256,98.5387
2048,1024,32,1024,103.668
2048,1024,32,4096,122.112
2048,1024,32,16384,183.093
2048,1024,64,16,97.334
2048,1024,64,64,97.4503
2048,1024,64,256,99.9047
2048,1024,64,1024,109.322
2048,1024,64,4096,144.394
2048,1024,64,16384,255.391
2048,1024,128,16,100.725
2048,1024,128,64,100.694
2048,1024,128,256,105.322
2048,1024,128,1024,123.925
2048,1024,128,4096,185.045
2048,1024,128,16384,403.264
2048,4096,0,0,169.781
2048,4096,1,16,183.519
2048,4096,1,64,182.794
2048,4096,1,256,182.816
2048,4096,1,1024,182.656
2048,4096,1,4096,185.333
2048,4096,1,16384,190.336
2048,4096,2,16,183.264
2048,4096,2,64,182.9
2048,4096,2,256,183.018
2048,4096,2,1024,182.837
2048,4096,2,4096,186.016
2048,4096,2,16384,193.078
2048,4096,4,16,183.499
2048,4096,4,64,184.021
2048,4096,4,256,183.487
2048,4096,4,1024,183.028
2048,4096,4,4096,187.188
2048,4096,4,16384,197.344
2048,4096,8,16,184.512
2048,4096,8,64,183.264
2048,4096,8,256,184
2048,4096,8,1024,183.424
2048,4096,8,4096,190.219
2048,4096,8,16384,207.21
2048,4096,16,16,183.636
2048,4096,16,64,183.327
2048,4096,16,256,183.157
2048,4096,16,1024,185.983
2048,4096,16,4096,194.528
2048,4096,16,16384,227.562
2048,4096,32,16,183.914
2048,4096,32,64,184.757
2048,4096,32,256,184.032
2048,4096,32,1024,189.674
2048,4096,32,4096,207.712
2048,4096,32,16384,266.26
2048,4096,64,16,182.315
2048,4096,64,64,182.432
2048,4096,64,256,185.567
2048,4096,64,1024,196.021
2048,4096,64,4096,227.593
2048,4096,64,16384,337.792
2048,4096,128,16,184.373
2048,4096,128,64,183.755
2048,4096,128,256,189.515
2048,4096,128,1024,208.8
2048,4096,128,4096,266.389
2048,4096,128,16384,486.026
2048,16384,0,0,473.354
2048,16384,1,16,487.892
2048,16384,1,64,488.053
2048,16384,1,256,487.401
2048,16384,1,1024,488.255
2048,16384,1,4096,488.991
2048,16384,1,16384,495.903
2048,16384,2,16,487.711
2048,16384,2,64,489.098
2048,16384,2,256,488.586
2048,16384,2,1024,487.711
2048,16384,2,4096,490.367
2048,16384,2,16384,499.412
2048,16384,4,16,488.607
2048,16384,4,64,488.938
2048,16384,4,256,488.074
2048,16384,4,1024,487.7
2048,16384,4,4096,492.3
2048,16384,4,16384,501.045
2048,16384,8,16,487.146
2048,16384,8,64,487.487
2048,16384,8,256,489.973
2048,16384,8,1024,487.594
2048,16384,8,4096,495.317
2048,16384,8,16384,510.889
2048,16384,16,16,489.215
2048,16384,16,64,487.22
2048,16384,16,256,488.32
2048,16384,16,1024,489.589
2048,16384,16,4096,498.367
2048,16384,16,16384,529.557
2048,16384,32,16,488.053
2048,16384,32,64,489.13
2048,16384,32,256,488.756
2048,16384,32,1024,495.861
2048,16384,32,4096,511.583
2048,16384,32,16384,569.365
2048,16384,64,16,485.855
2048,16384,64,64,486.175
2048,16384,64,256,489.268
2048,16384,64,1024,497.439
2048,16384,64,4096,529.322
2048,16384,64,16384,640.127
2048,16384,128,16,489.653
2048,16384,128,64,488.287
2048,16384,128,256,494.004
2048,16384,128,1024,512.276
2048,16384,128,4096,570.591
2048,16384,128,16384,788.788
