regime,n,nb,ratio,skew,pc,kp,kvs,kv_big,kv_mean,t_mean_us,t_max_us,t_skew_us,alpha
pure,2,1,0.5,4.0,0,0,128,512,320,29.601,31.328,31.425,1.0562
pure,2,1,0.5,4.0,0,0,1024,4096,2560,33.794,36.063,35.168,0.6056
mixed,2,1,0.5,4.0,16,0,128,512,320,52.159,53.792,54.273,1.2945
mixed,2,1,0.5,4.0,16,0,1024,4096,2560,56.321,59.265,57.248,0.3149
mixed,2,1,0.5,4.0,16,512,128,512,320,67.78,71.041,71.39,1.107
mixed,2,1,0.5,4.0,16,512,1024,4096,2560,73.662,75.967,73.92,0.1119
mixed,2,1,0.5,4.0,16,4096,128,512,320,197.12,196.16,197.022,
mixed,2,1,0.5,4.0,16,4096,1024,4096,2560,203.072,203.072,202.718,-12455267719445.0
mixed,2,1,0.5,4.0,16,8192,128,512,320,354.59,358.848,365.855,2.6456
mixed,2,1,0.5,4.0,16,8192,1024,4096,2560,353.823,367.937,365.184,0.8049
mixed,2,1,0.5,4.0,128,0,128,512,320,55.167,57.247,57.119,0.9385
mixed,2,1,0.5,4.0,128,0,1024,4096,2560,59.168,62.367,60.831,0.5198
mixed,2,1,0.5,4.0,128,512,128,512,320,71.679,75.104,75.199,1.0277
mixed,2,1,0.5,4.0,128,512,1024,4096,2560,77.471,79.777,78.433,0.4172
mixed,2,1,0.5,4.0,128,4096,128,512,320,200.833,200.19,201.409,
mixed,2,1,0.5,4.0,128,4096,1024,4096,2560,206.559,208.991,207.682,0.4618
mixed,2,1,0.5,4.0,128,8192,128,512,320,358.559,368.575,363.263,0.4696
mixed,2,1,0.5,4.0,128,8192,1024,4096,2560,363.359,377.024,370.4,0.5153
mixed,2,1,0.5,4.0,1024,0,128,512,320,146.88,151.773,151.487,0.9415
mixed,2,1,0.5,4.0,1024,0,1024,4096,2560,153.44,157.569,154.497,0.256
mixed,2,1,0.5,4.0,1024,512,128,512,320,188.734,188.48,188.225,
mixed,2,1,0.5,4.0,1024,512,1024,4096,2560,193.985,195.423,194.337,0.2448
mixed,2,1,0.5,4.0,1024,4096,128,512,320,479.932,478.302,479.806,
mixed,2,1,0.5,4.0,1024,4096,1024,4096,2560,488.735,482.24,480.96,
mixed,2,1,0.5,4.0,1024,8192,128,512,320,785.308,787.937,787.102,0.6824
mixed,2,1,0.5,4.0,1024,8192,1024,4096,2560,791.136,797.696,794.497,0.5123
mixed,2,1,0.5,4.0,2048,0,128,512,320,316.289,317.053,316.673,0.5026
mixed,2,1,0.5,4.0,2048,0,1024,4096,2560,322.591,323.839,322.273,-0.2548
mixed,2,1,0.5,4.0,2048,512,128,512,320,408.319,395.869,410.559,
mixed,2,1,0.5,4.0,2048,512,1024,4096,2560,415.135,410.528,418.912,
mixed,2,1,0.5,4.0,2048,4096,128,512,320,955.104,955.648,959.612,8.2868
mixed,2,1,0.5,4.0,2048,4096,1024,4096,2560,961.026,967.424,960.128,-0.1404
mixed,2,1,0.5,4.0,2048,8192,128,512,320,1554.593,1556.0,1558.334,2.6588
mixed,2,1,0.5,4.0,2048,8192,1024,4096,2560,1561.821,1566.173,1563.36,0.3536
pure,16,1,0.0625,4.0,0,0,128,512,152,28.672,39.328,35.296,0.6216
pure,16,1,0.0625,4.0,0,0,1024,4096,1216,50.177,91.04,66.594,0.4018
mixed,16,1,0.0625,4.0,16,0,128,512,152,50.401,60.576,57.375,0.6854
mixed,16,1,0.0625,4.0,16,0,1024,4096,1216,70.431,113.631,88.224,0.4119
mixed,16,1,0.0625,4.0,16,512,128,512,152,73.824,78.593,74.366,0.1137
mixed,16,1,0.0625,4.0,16,512,1024,4096,1216,88.128,129.375,105.249,0.4151
mixed,16,1,0.0625,4.0,16,4096,128,512,152,204.191,208.128,205.728,0.3904
mixed,16,1,0.0625,4.0,16,4096,1024,4096,1216,217.664,259.616,234.241,0.3951
mixed,16,1,0.0625,4.0,16,8192,128,512,152,373.599,375.199,373.277,-0.2012
mixed,16,1,0.0625,4.0,16,8192,1024,4096,1216,372.989,421.791,394.173,0.4341
mixed,16,1,0.0625,4.0,128,0,128,512,152,52.96,63.649,59.457,0.6078
mixed,16,1,0.0625,4.0,128,0,1024,4096,1216,74.402,117.536,90.496,0.3731
mixed,16,1,0.0625,4.0,128,512,128,512,152,76.257,82.272,77.857,0.266
mixed,16,1,0.0625,4.0,128,512,1024,4096,1216,91.872,134.688,107.742,0.3707
mixed,16,1,0.0625,4.0,128,4096,128,512,152,207.422,211.999,208.768,0.2941
mixed,16,1,0.0625,4.0,128,4096,1024,4096,1216,221.345,265.662,238.687,0.3913
mixed,16,1,0.0625,4.0,128,8192,128,512,152,370.625,385.439,370.078,-0.0369
mixed,16,1,0.0625,4.0,128,8192,1024,4096,1216,392.672,425.853,392.191,-0.0145
mixed,16,1,0.0625,4.0,1024,0,128,512,152,153.534,158.272,153.697,0.0344
mixed,16,1,0.0625,4.0,1024,0,1024,4096,1216,169.917,222.239,185.278,0.2936
mixed,16,1,0.0625,4.0,1024,512,128,512,152,192.287,196.895,193.246,0.2081
mixed,16,1,0.0625,4.0,1024,512,1024,4096,1216,207.968,262.336,225.568,0.3237
mixed,16,1,0.0625,4.0,1024,4096,128,512,152,487.648,496.768,486.878,-0.0844
mixed,16,1,0.0625,4.0,1024,4096,1024,4096,1216,507.103,557.536,516.544,0.1872
mixed,16,1,0.0625,4.0,1024,8192,128,512,152,797.886,807.742,798.942,0.1071
mixed,16,1,0.0625,4.0,1024,8192,1024,4096,1216,818.973,869.855,826.718,0.1522
mixed,16,1,0.0625,4.0,2048,0,128,512,152,320.574,324.992,322.176,0.3626
mixed,16,1,0.0625,4.0,2048,0,1024,4096,1216,337.856,392.704,355.165,0.3156
mixed,16,1,0.0625,4.0,2048,512,128,512,152,418.399,419.073,419.678,1.8976
mixed,16,1,0.0625,4.0,2048,512,1024,4096,1216,438.59,484.066,440.575,0.0436
mixed,16,1,0.0625,4.0,2048,4096,128,512,152,958.527,970.143,961.31,0.2396
mixed,16,1,0.0625,4.0,2048,4096,1024,4096,1216,982.781,1032.67,988.957,0.1238
mixed,16,1,0.0625,4.0,2048,8192,128,512,152,1565.884,1571.131,1566.048,0.0313
mixed,16,1,0.0625,4.0,2048,8192,1024,4096,1216,1586.207,1633.18,1591.359,0.1097
pure,16,2,0.125,4.0,0,0,128,512,176,28.992,39.297,35.615,0.6427
pure,16,2,0.125,4.0,0,0,1024,4096,1408,51.648,91.04,66.72,0.3826
mixed,16,2,0.125,4.0,16,0,128,512,176,50.848,60.735,57.825,0.7057
mixed,16,2,0.125,4.0,16,0,1024,4096,1408,73.888,112.289,88.608,0.3833
mixed,16,2,0.125,4.0,16,512,128,512,176,74.015,78.178,75.2,0.2847
mixed,16,2,0.125,4.0,16,512,1024,4096,1408,90.625,129.535,105.728,0.3882
mixed,16,2,0.125,4.0,16,4096,128,512,176,204.512,207.551,206.079,0.5156
mixed,16,2,0.125,4.0,16,4096,1024,4096,1408,220.608,260.063,235.71,0.3828
mixed,16,2,0.125,4.0,16,8192,128,512,176,366.43,372.735,366.27,-0.0254
mixed,16,2,0.125,4.0,16,8192,1024,4096,1408,376.126,428.575,396.284,0.3843
mixed,16,2,0.125,4.0,128,0,128,512,176,53.152,63.392,59.423,0.6124
mixed,16,2,0.125,4.0,128,0,1024,4096,1408,75.359,117.152,91.007,0.3744
mixed,16,2,0.125,4.0,128,512,128,512,176,76.961,81.757,77.76,0.1666
mixed,16,2,0.125,4.0,128,512,1024,4096,1408,93.954,135.006,108.832,0.3624
mixed,16,2,0.125,4.0,128,4096,128,512,176,207.744,212.671,208.8,0.2143
mixed,16,2,0.125,4.0,128,4096,1024,4096,1408,225.056,266.398,239.616,0.3522
mixed,16,2,0.125,4.0,128,8192,128,512,176,364.129,377.791,370.27,0.4495
mixed,16,2,0.125,4.0,128,8192,1024,4096,1408,388.16,434.014,401.791,0.2973
mixed,16,2,0.125,4.0,1024,0,128,512,176,153.278,156.672,154.56,0.3777
mixed,16,2,0.125,4.0,1024,0,1024,4096,1408,172.193,223.872,186.112,0.2693
mixed,16,2,0.125,4.0,1024,512,128,512,176,193.665,197.216,193.951,0.0805
mixed,16,2,0.125,4.0,1024,512,1024,4096,1408,212.446,263.231,226.976,0.2861
mixed,16,2,0.125,4.0,1024,4096,128,512,176,487.871,497.92,487.744,-0.0126
mixed,16,2,0.125,4.0,1024,4096,1024,4096,1408,512.479,560.19,514.399,0.0402
mixed,16,2,0.125,4.0,1024,8192,128,512,176,801.214,808.799,797.087,-0.5441
mixed,16,2,0.125,4.0,1024,8192,1024,4096,1408,824.316,871.422,831.39,0.1502
mixed,16,2,0.125,4.0,2048,0,128,512,176,320.288,325.183,321.791,0.307
mixed,16,2,0.125,4.0,2048,0,1024,4096,1408,341.407,393.216,355.617,0.2743
mixed,16,2,0.125,4.0,2048,512,128,512,176,413.055,411.424,413.824,
mixed,16,2,0.125,4.0,2048,512,1024,4096,1408,432.541,484.577,444.001,0.2202
mixed,16,2,0.125,4.0,2048,4096,128,512,176,961.278,971.456,956.864,-0.4337
mixed,16,2,0.125,4.0,2048,4096,1024,4096,1408,986.238,1037.087,989.921,0.0724
mixed,16,2,0.125,4.0,2048,8192,128,512,176,1564.8,1571.103,1567.521,0.4317
mixed,16,2,0.125,4.0,2048,8192,1024,4096,1408,1590.592,1635.133,1597.375,0.1523
pure,16,3,0.1875,4.0,0,0,128,512,200,28.8,39.392,35.809,0.6617
pure,16,3,0.1875,4.0,0,0,1024,4096,1600,55.617,90.144,67.264,0.3373
mixed,16,3,0.1875,4.0,16,0,128,512,200,51.519,60.961,57.472,0.6305
mixed,16,3,0.1875,4.0,16,0,1024,4096,1600,77.215,112.323,89.119,0.3391
mixed,16,3,0.1875,4.0,16,512,128,512,200,74.176,78.752,75.904,0.3776
mixed,16,3,0.1875,4.0,16,512,1024,4096,1600,94.08,129.568,107.296,0.3724
mixed,16,3,0.1875,4.0,16,4096,128,512,200,204.321,208.639,205.595,0.295
mixed,16,3,0.1875,4.0,16,4096,1024,4096,1600,222.846,259.391,237.119,0.3906
mixed,16,3,0.1875,4.0,16,8192,128,512,200,366.914,366.399,367.072,
mixed,16,3,0.1875,4.0,16,8192,1024,4096,1600,395.81,409.983,391.902,-0.2757
mixed,16,3,0.1875,4.0,128,0,128,512,200,53.153,63.007,60.576,0.7533
mixed,16,3,0.1875,4.0,128,0,1024,4096,1600,79.745,117.342,91.68,0.3174
mixed,16,3,0.1875,4.0,128,512,128,512,200,77.217,81.535,78.303,0.2515
mixed,16,3,0.1875,4.0,128,512,1024,4096,1600,97.601,134.945,109.95,0.3307
mixed,16,3,0.1875,4.0,128,4096,128,512,200,208.128,213.853,210.272,0.3745
mixed,16,3,0.1875,4.0,128,4096,1024,4096,1600,227.553,265.504,242.013,0.381
mixed,16,3,0.1875,4.0,128,8192,128,512,200,377.824,377.375,366.368,
mixed,16,3,0.1875,4.0,128,8192,1024,4096,1600,399.006,426.334,402.27,0.1194
mixed,16,3,0.1875,4.0,1024,0,128,512,200,152.513,156.606,154.592,0.5079
mixed,16,3,0.1875,4.0,1024,0,1024,4096,1600,177.088,223.777,188.797,0.2508
mixed,16,3,0.1875,4.0,1024,512,128,512,200,192.416,195.839,194.624,0.645
mixed,16,3,0.1875,4.0,1024,512,1024,4096,1600,217.344,263.615,229.246,0.2572
mixed,16,3,0.1875,4.0,1024,4096,128,512,200,490.271,498.56,489.823,-0.054
mixed,16,3,0.1875,4.0,1024,4096,1024,4096,1600,514.945,558.846,521.728,0.1545
mixed,16,3,0.1875,4.0,1024,8192,128,512,200,802.431,810.78,800.799,-0.1955
mixed,16,3,0.1875,4.0,1024,8192,1024,4096,1600,827.966,871.615,836.191,0.1884
mixed,16,3,0.1875,4.0,2048,0,128,512,200,320.672,325.343,323.039,0.5067
mixed,16,3,0.1875,4.0,2048,0,1024,4096,1600,346.878,392.416,358.113,0.2467
mixed,16,3,0.1875,4.0,2048,512,128,512,200,413.439,419.102,407.329,-1.0789
mixed,16,3,0.1875,4.0,2048,512,1024,4096,1600,439.197,475.934,445.982,0.1847
mixed,16,3,0.1875,4.0,2048,4096,128,512,200,964.605,970.845,963.518,-0.1742
mixed,16,3,0.1875,4.0,2048,4096,1024,4096,1600,992.573,1037.182,997.599,0.1127
mixed,16,3,0.1875,4.0,2048,8192,128,512,200,1565.95,1578.364,1566.942,0.0799
mixed,16,3,0.1875,4.0,2048,8192,1024,4096,1600,1600.418,1640.926,1599.388,-0.0254
pure,16,4,0.25,4.0,0,0,128,512,224,29.888,39.326,36.447,0.695
pure,16,4,0.25,4.0,0,0,1024,4096,1792,57.473,90.88,69.154,0.3497
mixed,16,4,0.25,4.0,16,0,128,512,224,51.103,60.992,58.272,0.7249
mixed,16,4,0.25,4.0,16,0,1024,4096,1792,78.336,112.862,90.56,0.3541
mixed,16,4,0.25,4.0,16,512,128,512,224,74.56,78.689,75.615,0.2555
mixed,16,4,0.25,4.0,16,512,1024,4096,1792,96.608,130.624,108.416,0.3471
mixed,16,4,0.25,4.0,16,4096,128,512,224,206.272,208.161,206.817,0.2885
mixed,16,4,0.25,4.0,16,4096,1024,4096,1792,226.783,260.094,237.696,0.3276
mixed,16,4,0.25,4.0,16,8192,128,512,224,369.79,373.728,367.456,-0.5927
mixed,16,4,0.25,4.0,16,8192,1024,4096,1792,391.36,422.72,394.368,0.0959
mixed,16,4,0.25,4.0,128,0,128,512,224,53.794,63.617,60.769,0.7101
mixed,16,4,0.25,4.0,128,0,1024,4096,1792,81.57,117.632,93.279,0.3247
mixed,16,4,0.25,4.0,128,512,128,512,224,77.729,81.311,79.36,0.4553
mixed,16,4,0.25,4.0,128,512,1024,4096,1792,100.739,134.751,111.041,0.3029
mixed,16,4,0.25,4.0,128,4096,128,512,224,208.864,212.543,209.983,0.3042
mixed,16,4,0.25,4.0,128,4096,1024,4096,1792,230.846,266.24,241.44,0.2993
mixed,16,4,0.25,4.0,128,8192,128,512,224,372.703,387.263,370.688,-0.1384
mixed,16,4,0.25,4.0,128,8192,1024,4096,1792,394.176,426.431,399.805,0.1745
mixed,16,4,0.25,4.0,1024,0,128,512,224,153.792,156.447,154.496,0.2652
mixed,16,4,0.25,4.0,1024,0,1024,4096,1792,179.841,222.144,191.84,0.2836
mixed,16,4,0.25,4.0,1024,512,128,512,224,193.726,197.79,194.912,0.2918
mixed,16,4,0.25,4.0,1024,512,1024,4096,1792,219.905,263.871,231.585,0.2657
mixed,16,4,0.25,4.0,1024,4096,128,512,224,489.376,497.854,489.215,-0.019
mixed,16,4,0.25,4.0,1024,4096,1024,4096,1792,518.91,560.734,522.369,0.0827
mixed,16,4,0.25,4.0,1024,8192,128,512,224,802.046,809.95,800.795,-0.1583
mixed,16,4,0.25,4.0,1024,8192,1024,4096,1792,833.564,872.159,836.638,0.0796
mixed,16,4,0.25,4.0,2048,0,128,512,224,321.343,325.408,322.785,0.3547
mixed,16,4,0.25,4.0,2048,0,1024,4096,1792,350.015,392.928,361.696,0.2722
mixed,16,4,0.25,4.0,2048,512,128,512,224,421.152,427.649,406.688,-2.2263
mixed,16,4,0.25,4.0,2048,512,1024,4096,1792,434.27,484.478,450.624,0.3257
mixed,16,4,0.25,4.0,2048,4096,128,512,224,962.654,970.718,962.273,-0.0472
mixed,16,4,0.25,4.0,2048,4096,1024,4096,1792,996.577,1034.302,999.198,0.0695
mixed,16,4,0.25,4.0,2048,8192,128,512,224,1566.3,1577.053,1566.173,-0.0118
mixed,16,4,0.25,4.0,2048,8192,1024,4096,1792,1597.567,1638.078,1602.206,0.1145
pure,16,8,0.5,4.0,0,0,128,512,320,33.569,39.295,37.12,0.6202
pure,16,8,0.5,4.0,0,0,1024,4096,2560,69.153,90.465,74.014,0.2281
mixed,16,8,0.5,4.0,16,0,128,512,320,54.915,60.672,58.88,0.6887
mixed,16,8,0.5,4.0,16,0,1024,4096,2560,90.591,113.024,95.936,0.2383
mixed,16,8,0.5,4.0,16,512,128,512,320,73.885,78.847,76.959,0.6195
mixed,16,8,0.5,4.0,16,512,1024,4096,2560,109.151,130.015,112.961,0.1826
mixed,16,8,0.5,4.0,16,4096,128,512,320,204.832,209.631,207.521,0.5603
mixed,16,8,0.5,4.0,16,4096,1024,4096,2560,239.168,260.705,243.49,0.2007
mixed,16,8,0.5,4.0,16,8192,128,512,320,367.007,381.535,367.744,0.0507
mixed,16,8,0.5,4.0,16,8192,1024,4096,2560,400.126,421.822,404.062,0.1814
mixed,16,8,0.5,4.0,128,0,128,512,320,57.055,63.328,60.704,0.5817
mixed,16,8,0.5,4.0,128,0,1024,4096,2560,94.623,117.343,98.975,0.1915
mixed,16,8,0.5,4.0,128,512,128,512,320,76.864,81.056,79.008,0.5115
mixed,16,8,0.5,4.0,128,512,1024,4096,2560,113.984,136.032,116.991,0.1364
mixed,16,8,0.5,4.0,128,4096,128,512,320,208.512,212.766,211.103,0.6091
mixed,16,8,0.5,4.0,128,4096,1024,4096,2560,244.193,265.596,248.446,0.1987
mixed,16,8,0.5,4.0,128,8192,128,512,320,372.191,384.447,375.904,0.303
mixed,16,8,0.5,4.0,128,8192,1024,4096,2560,400.926,427.584,400.992,0.0025
mixed,16,8,0.5,4.0,1024,0,128,512,320,152.673,157.44,154.914,0.4701
mixed,16,8,0.5,4.0,1024,0,1024,4096,2560,195.422,222.432,201.377,0.2205
mixed,16,8,0.5,4.0,1024,512,128,512,320,192.669,197.728,195.518,0.5632
mixed,16,8,0.5,4.0,1024,512,1024,4096,2560,235.585,263.073,240.864,0.192
mixed,16,8,0.5,4.0,1024,4096,128,512,320,490.944,498.366,489.759,-0.1597
mixed,16,8,0.5,4.0,1024,4096,1024,4096,2560,532.894,560.767,533.502,0.0218
mixed,16,8,0.5,4.0,1024,8192,128,512,320,803.199,810.11,801.245,-0.2827
mixed,16,8,0.5,4.0,1024,8192,1024,4096,2560,849.76,872.831,844.703,-0.2192
mixed,16,8,0.5,4.0,2048,0,128,512,320,320.672,325.535,324.224,0.7304
mixed,16,8,0.5,4.0,2048,0,1024,4096,2560,364.8,392.061,371.521,0.2465
mixed,16,8,0.5,4.0,2048,512,128,512,320,413.919,427.165,419.391,0.4131
mixed,16,8,0.5,4.0,2048,512,1024,4096,2560,461.665,490.271,457.984,-0.1287
mixed,16,8,0.5,4.0,2048,4096,128,512,320,965.5,970.494,964.126,-0.2751
mixed,16,8,0.5,4.0,2048,4096,1024,4096,2560,1006.848,1038.27,1009.118,0.0722
mixed,16,8,0.5,4.0,2048,8192,128,512,320,1560.223,1573.468,1567.874,0.5777
mixed,16,8,0.5,4.0,2048,8192,1024,4096,2560,1613.21,1635.613,1615.356,0.0958
pure,16,12,0.75,4.0,0,0,128,512,416,33.535,39.167,37.57,0.7164
pure,16,12,0.75,4.0,0,0,1024,4096,3328,79.616,91.009,81.151,0.1347
mixed,16,12,0.75,4.0,16,0,128,512,416,55.264,61.183,59.745,0.7571
mixed,16,12,0.75,4.0,16,0,1024,4096,3328,101.44,112.736,103.487,0.1812
mixed,16,12,0.75,4.0,16,512,128,512,416,75.777,79.232,77.281,0.4353
mixed,16,12,0.75,4.0,16,512,1024,4096,3328,119.618,130.785,121.216,0.1431
mixed,16,12,0.75,4.0,16,4096,128,512,416,205.761,208.255,208.289,1.0136
mixed,16,12,0.75,4.0,16,4096,1024,4096,3328,249.952,261.725,250.879,0.0787
mixed,16,12,0.75,4.0,16,8192,128,512,416,367.712,372.959,363.873,-0.7317
mixed,16,12,0.75,4.0,16,8192,1024,4096,3328,416.447,421.66,407.487,-1.7188
mixed,16,12,0.75,4.0,128,0,128,512,416,57.152,63.136,62.337,0.8665
mixed,16,12,0.75,4.0,128,0,1024,4096,3328,107.296,116.927,107.648,0.0365
mixed,16,12,0.75,4.0,128,512,128,512,416,77.44,82.078,80.288,0.6141
mixed,16,12,0.75,4.0,128,512,1024,4096,3328,124.992,134.783,126.112,0.1144
mixed,16,12,0.75,4.0,128,4096,128,512,416,209.089,213.601,211.071,0.4393
mixed,16,12,0.75,4.0,128,4096,1024,4096,3328,255.937,265.248,257.631,0.1819
mixed,16,12,0.75,4.0,128,8192,128,512,416,364.318,385.663,372.065,0.3629
mixed,16,12,0.75,4.0,128,8192,1024,4096,3328,418.109,422.336,418.495,0.0913
mixed,16,12,0.75,4.0,1024,0,128,512,416,152.992,158.559,155.648,0.4771
mixed,16,12,0.75,4.0,1024,0,1024,4096,3328,208.354,222.208,210.847,0.1799
mixed,16,12,0.75,4.0,1024,512,128,512,416,194.304,197.375,196.127,0.5936
mixed,16,12,0.75,4.0,1024,512,1024,4096,3328,249.281,262.942,251.936,0.1943
mixed,16,12,0.75,4.0,1024,4096,128,512,416,490.462,497.565,485.279,-0.7297
mixed,16,12,0.75,4.0,1024,4096,1024,4096,3328,546.59,560.863,542.241,-0.3047
mixed,16,12,0.75,4.0,1024,8192,128,512,416,802.558,811.615,802.814,0.0283
mixed,16,12,0.75,4.0,1024,8192,1024,4096,3328,861.982,873.086,852.894,-0.8184
mixed,16,12,0.75,4.0,2048,0,128,512,416,322.431,325.088,325.119,1.0117
mixed,16,12,0.75,4.0,2048,0,1024,4096,3328,377.695,394.048,380.126,0.1487
mixed,16,12,0.75,4.0,2048,512,128,512,416,413.025,426.43,414.205,0.088
mixed,16,12,0.75,4.0,2048,512,1024,4096,3328,469.024,484.671,468.415,-0.0389
mixed,16,12,0.75,4.0,2048,4096,128,512,416,966.079,973.854,963.582,-0.3212
mixed,16,12,0.75,4.0,2048,4096,1024,4096,3328,1021.631,1037.213,1015.104,-0.4189
mixed,16,12,0.75,4.0,2048,8192,128,512,416,1566.845,1576.093,1571.169,0.4676
mixed,16,12,0.75,4.0,2048,8192,1024,4096,3328,1624.382,1636.637,1623.035,-0.1099
pure,16,14,0.875,4.0,0,0,128,512,464,33.856,39.295,38.816,0.9119
pure,16,14,0.875,4.0,0,0,1024,4096,3712,84.703,90.561,85.759,0.1803
mixed,16,14,0.875,4.0,16,0,128,512,464,56.161,60.864,60.642,0.9528
mixed,16,14,0.875,4.0,16,0,1024,4096,3712,106.624,113.184,107.523,0.137
mixed,16,14,0.875,4.0,16,512,128,512,464,75.678,78.273,77.951,0.8759
mixed,16,14,0.875,4.0,16,512,1024,4096,3712,124.639,129.633,126.144,0.3014
mixed,16,14,0.875,4.0,16,4096,128,512,464,206.239,209.088,207.968,0.6069
mixed,16,14,0.875,4.0,16,4096,1024,4096,3712,255.201,260.672,255.551,0.064
mixed,16,14,0.875,4.0,16,8192,128,512,464,367.612,374.24,373.983,0.9612
mixed,16,14,0.875,4.0,16,8192,1024,4096,3712,417.409,426.144,411.52,-0.6742
mixed,16,14,0.875,4.0,128,0,128,512,464,58.912,63.648,62.719,0.8038
mixed,16,14,0.875,4.0,128,0,1024,4096,3712,111.457,116.991,112.543,0.1962
mixed,16,14,0.875,4.0,128,512,128,512,464,78.462,81.73,80.672,0.6763
mixed,16,14,0.875,4.0,128,512,1024,4096,3712,129.762,134.655,130.656,0.1827
mixed,16,14,0.875,4.0,128,4096,128,512,464,209.791,213.983,211.423,0.3893
mixed,16,14,0.875,4.0,128,4096,1024,4096,3712,259.2,265.696,261.854,0.4086
mixed,16,14,0.875,4.0,128,8192,128,512,464,372.447,369.725,378.302,
mixed,16,14,0.875,4.0,128,8192,1024,4096,3712,431.359,435.005,418.207,-3.6072
mixed,16,14,0.875,4.0,1024,0,128,512,464,153.792,157.216,156.702,0.8499
mixed,16,14,0.875,4.0,1024,0,1024,4096,3712,216.415,222.177,216.958,0.0942
mixed,16,14,0.875,4.0,1024,512,128,512,464,195.521,197.055,196.352,0.5417
mixed,16,14,0.875,4.0,1024,512,1024,4096,3712,256.001,261.985,257.185,0.1979
mixed,16,14,0.875,4.0,1024,4096,128,512,464,491.807,499.359,491.391,-0.0551
mixed,16,14,0.875,4.0,1024,4096,1024,4096,3712,553.79,560.064,547.582,-0.9895
mixed,16,14,0.875,4.0,1024,8192,128,512,464,804.701,812.67,806.43,0.217
mixed,16,14,0.875,4.0,1024,8192,1024,4096,3712,866.045,871.483,859.425,-1.2174
mixed,16,14,0.875,4.0,2048,0,128,512,464,323.012,326.718,324.673,0.4482
mixed,16,14,0.875,4.0,2048,0,1024,4096,3712,385.024,393.599,388.704,0.4292
mixed,16,14,0.875,4.0,2048,512,128,512,464,421.054,427.073,421.279,0.0374
mixed,16,14,0.875,4.0,2048,512,1024,4096,3712,470.848,489.154,476.897,0.3304
mixed,16,14,0.875,4.0,2048,4096,128,512,464,965.281,972.831,963.613,-0.2209
mixed,16,14,0.875,4.0,2048,4096,1024,4096,3712,1027.23,1033.278,1020.736,-1.0737
mixed,16,14,0.875,4.0,2048,8192,128,512,464,1568.609,1576.731,1567.934,-0.0831
mixed,16,14,0.875,4.0,2048,8192,1024,4096,3712,1634.527,1637.917,1625.437,-2.6814
pure,128,1,0.0078,4.0,0,0,128,512,131,55.776,108.705,57.216,0.0272
pure,128,1,0.0078,4.0,0,0,1024,4096,1048,172.192,505.31,174.751,0.0077
mixed,128,1,0.0078,4.0,16,0,128,512,131,77.569,130.496,78.945,0.026
mixed,128,1,0.0078,4.0,16,0,1024,4096,1048,194.944,526.398,199.488,0.0137
mixed,128,1,0.0078,4.0,16,512,128,512,131,95.585,149.665,96.993,0.026
mixed,128,1,0.0078,4.0,16,512,1024,4096,1048,214.179,543.582,217.694,0.0107
mixed,128,1,0.0078,4.0,16,4096,128,512,131,226.592,278.975,229.887,0.0629
mixed,128,1,0.0078,4.0,16,4096,1024,4096,1048,340.927,672.607,348.448,0.0227
mixed,128,1,0.0078,4.0,16,8192,128,512,131,381.505,431.68,388.288,0.1352
mixed,128,1,0.0078,4.0,16,8192,1024,4096,1048,497.567,825.053,502.495,0.015
mixed,128,1,0.0078,4.0,128,0,128,512,131,80.16,132.706,81.633,0.028
mixed,128,1,0.0078,4.0,128,0,1024,4096,1048,199.521,529.407,205.758,0.0189
mixed,128,1,0.0078,4.0,128,512,128,512,131,98.558,150.398,101.759,0.0617
mixed,128,1,0.0078,4.0,128,512,1024,4096,1048,215.585,547.328,221.503,0.0178
mixed,128,1,0.0078,4.0,128,4096,128,512,131,229.759,280.672,230.976,0.0239
mixed,128,1,0.0078,4.0,128,4096,1024,4096,1048,346.337,678.72,354.879,0.0257
mixed,128,1,0.0078,4.0,128,8192,128,512,131,391.934,446.207,394.239,0.0425
mixed,128,1,0.0078,4.0,128,8192,1024,4096,1048,507.776,832.321,509.278,0.0046
mixed,128,1,0.0078,4.0,1024,0,128,512,131,174.017,231.808,176.451,0.0421
mixed,128,1,0.0078,4.0,1024,0,1024,4096,1048,299.36,632.479,305.757,0.0192
mixed,128,1,0.0078,4.0,1024,512,128,512,131,213.888,272.285,215.679,0.0307
mixed,128,1,0.0078,4.0,1024,512,1024,4096,1048,340.382,670.494,346.687,0.0191
mixed,128,1,0.0078,4.0,1024,4096,128,512,131,510.946,577.277,513.152,0.0333
mixed,128,1,0.0078,4.0,1024,4096,1024,4096,1048,641.375,960.704,640.447,-0.0029
mixed,128,1,0.0078,4.0,1024,8192,128,512,131,826.657,887.647,829.119,0.0404
mixed,128,1,0.0078,4.0,1024,8192,1024,4096,1048,952.925,1272.126,950.815,-0.0066
mixed,128,1,0.0078,4.0,2048,0,128,512,131,344.8,401.119,345.441,0.0114
mixed,128,1,0.0078,4.0,2048,0,1024,4096,1048,472.223,808.832,475.647,0.0102
mixed,128,1,0.0078,4.0,2048,512,128,512,131,439.167,497.66,442.015,0.0487
mixed,128,1,0.0078,4.0,2048,512,1024,4096,1048,568.257,893.119,570.366,0.0065
mixed,128,1,0.0078,4.0,2048,4096,128,512,131,986.397,1051.261,989.152,0.0425
mixed,128,1,0.0078,4.0,2048,4096,1024,4096,1048,1115.199,1438.812,1116.158,0.003
mixed,128,1,0.0078,4.0,2048,8192,128,512,131,1587.516,1651.967,1589.821,0.0358
mixed,128,1,0.0078,4.0,2048,8192,1024,4096,1048,1714.971,2041.725,1718.588,0.0111
pure,128,2,0.0156,4.0,0,0,128,512,134,56.095,108.096,60.288,0.0806
pure,128,2,0.0156,4.0,0,0,1024,4096,1072,173.983,504.446,180.576,0.02
mixed,128,2,0.0156,4.0,16,0,128,512,134,77.121,129.664,78.975,0.0353
mixed,128,2,0.0156,4.0,16,0,1024,4096,1072,198.753,525.952,205.727,0.0213
mixed,128,2,0.0156,4.0,16,512,128,512,134,95.135,147.745,97.759,0.0499
mixed,128,2,0.0156,4.0,16,512,1024,4096,1072,214.238,543.583,222.177,0.0241
mixed,128,2,0.0156,4.0,16,4096,128,512,134,226.559,278.721,229.6,0.0583
mixed,128,2,0.0156,4.0,16,4096,1024,4096,1072,344.768,673.438,354.338,0.0291
mixed,128,2,0.0156,4.0,16,8192,128,512,134,394.624,437.695,394.016,-0.0141
mixed,128,2,0.0156,4.0,16,8192,1024,4096,1072,499.55,825.663,503.038,0.0107
mixed,128,2,0.0156,4.0,128,0,128,512,134,80.639,131.263,82.402,0.0348
mixed,128,2,0.0156,4.0,128,0,1024,4096,1072,202.176,531.519,210.08,0.024
mixed,128,2,0.0156,4.0,128,512,128,512,134,98.528,150.75,101.504,0.057
mixed,128,2,0.0156,4.0,128,512,1024,4096,1072,219.679,547.23,228.384,0.0266
mixed,128,2,0.0156,4.0,128,4096,128,512,134,229.662,280.16,231.394,0.0343
mixed,128,2,0.0156,4.0,128,4096,1024,4096,1072,347.711,679.869,355.389,0.0231
mixed,128,2,0.0156,4.0,128,8192,128,512,134,392.735,443.935,388.127,-0.09
mixed,128,2,0.0156,4.0,128,8192,1024,4096,1072,507.488,825.694,512.991,0.0173
mixed,128,2,0.0156,4.0,1024,0,128,512,134,174.079,232.384,176.126,0.0351
mixed,128,2,0.0156,4.0,1024,0,1024,4096,1072,303.616,633.376,307.423,0.0115
mixed,128,2,0.0156,4.0,1024,512,128,512,134,213.631,272.865,216.321,0.0454
mixed,128,2,0.0156,4.0,1024,512,1024,4096,1072,344.127,673.951,349.5,0.0163
mixed,128,2,0.0156,4.0,1024,4096,128,512,134,511.232,576.958,514.016,0.0424
mixed,128,2,0.0156,4.0,1024,4096,1024,4096,1072,641.056,959.679,637.535,-0.0111
mixed,128,2,0.0156,4.0,1024,8192,128,512,134,827.359,888.638,828.766,0.023
mixed,128,2,0.0156,4.0,1024,8192,1024,4096,1072,954.334,1275.071,957.053,0.0085
mixed,128,2,0.0156,4.0,2048,0,128,512,134,342.112,402.271,346.143,0.067
mixed,128,2,0.0156,4.0,2048,0,1024,4096,1072,476.863,809.278,483.487,0.0199
mixed,128,2,0.0156,4.0,2048,512,128,512,134,433.952,495.871,431.102,-0.046
mixed,128,2,0.0156,4.0,2048,512,1024,4096,1072,568.126,893.023,575.295,0.0221
mixed,128,2,0.0156,4.0,2048,4096,128,512,134,986.367,1048.413,986.78,0.0067
mixed,128,2,0.0156,4.0,2048,4096,1024,4096,1072,1119.551,1441.311,1119.901,0.0011
mixed,128,2,0.0156,4.0,2048,8192,128,512,134,1590.203,1655.357,1594.593,0.0674
mixed,128,2,0.0156,4.0,2048,8192,1024,4096,1072,1724.029,2041.149,1721.854,-0.0069
pure,128,3,0.0234,4.0,0,0,128,512,137,56.544,108.639,60.159,0.0694
pure,128,3,0.0234,4.0,0,0,1024,4096,1096,177.439,506.561,185.345,0.024
mixed,128,3,0.0234,4.0,16,0,128,512,137,77.15,128.959,81.152,0.0772
mixed,128,3,0.0234,4.0,16,0,1024,4096,1096,200.416,525.185,208.512,0.0249
mixed,128,3,0.0234,4.0,16,512,128,512,137,96.254,147.999,98.335,0.0402
mixed,128,3,0.0234,4.0,16,512,1024,4096,1096,217.697,543.742,226.431,0.0268
mixed,128,3,0.0234,4.0,16,4096,128,512,137,226.91,277.95,228.385,0.0289
mixed,128,3,0.0234,4.0,16,4096,1024,4096,1096,349.952,673.312,354.752,0.0148
mixed,128,3,0.0234,4.0,16,8192,128,512,137,394.942,446.655,389.28,-0.1095
mixed,128,3,0.0234,4.0,16,8192,1024,4096,1096,502.495,830.558,502.944,0.0014
mixed,128,3,0.0234,4.0,128,0,128,512,137,80.063,132.606,83.169,0.0591
mixed,128,3,0.0234,4.0,128,0,1024,4096,1096,203.392,531.136,212.416,0.0275
mixed,128,3,0.0234,4.0,128,512,128,512,137,98.079,151.841,101.601,0.0655
mixed,128,3,0.0234,4.0,128,512,1024,4096,1096,221.471,547.487,228.607,0.0219
mixed,128,3,0.0234,4.0,128,4096,128,512,137,229.631,282.176,233.119,0.0664
mixed,128,3,0.0234,4.0,128,4096,1024,4096,1096,350.368,677.439,357.566,0.022
mixed,128,3,0.0234,4.0,128,8192,128,512,137,392.543,446.753,393.854,0.0242
mixed,128,3,0.0234,4.0,128,8192,1024,4096,1096,509.056,832.0,514.879,0.018
mixed,128,3,0.0234,4.0,1024,0,128,512,137,173.92,230.846,177.154,0.0568
mixed,128,3,0.0234,4.0,1024,0,1024,4096,1096,305.985,632.321,313.086,0.0218
mixed,128,3,0.0234,4.0,1024,512,128,512,137,214.206,271.583,217.792,0.0625
mixed,128,3,0.0234,4.0,1024,512,1024,4096,1096,346.142,671.068,352.191,0.0186
mixed,128,3,0.0234,4.0,1024,4096,128,512,137,513.824,577.312,516.67,0.0448
mixed,128,3,0.0234,4.0,1024,4096,1024,4096,1096,639.71,963.745,647.425,0.0238
mixed,128,3,0.0234,4.0,1024,8192,128,512,137,830.941,891.679,833.409,0.0406
mixed,128,3,0.0234,4.0,1024,8192,1024,4096,1096,958.302,1277.118,958.11,-0.0006
mixed,128,3,0.0234,4.0,2048,0,128,512,137,343.134,401.504,345.054,0.0329
mixed,128,3,0.0234,4.0,2048,0,1024,4096,1096,479.486,810.112,485.345,0.0177
mixed,128,3,0.0234,4.0,2048,512,128,512,137,427.839,491.04,435.935,0.1281
mixed,128,3,0.0234,4.0,2048,512,1024,4096,1096,569.758,903.808,573.92,0.0125
mixed,128,3,0.0234,4.0,2048,4096,128,512,137,988.285,1049.822,988.315,0.0005
mixed,128,3,0.0234,4.0,2048,4096,1024,4096,1096,1123.006,1444.925,1123.519,0.0016
mixed,128,3,0.0234,4.0,2048,8192,128,512,137,1595.229,1654.718,1599.262,0.0678
mixed,128,3,0.0234,4.0,2048,8192,1024,4096,1096,1727.421,2048.989,1727.903,0.0015
pure,128,4,0.0312,4.0,0,0,128,512,140,55.584,108.257,60.352,0.0905
pure,128,4,0.0312,4.0,0,0,1024,4096,1120,179.36,504.895,188.608,0.0284
mixed,128,4,0.0312,4.0,16,0,128,512,140,77.056,130.271,79.904,0.0535
mixed,128,4,0.0312,4.0,16,0,1024,4096,1120,201.439,526.301,209.344,0.0243
mixed,128,4,0.0312,4.0,16,512,128,512,140,95.2,148.896,97.312,0.0393
mixed,128,4,0.0312,4.0,16,512,1024,4096,1120,221.054,545.023,226.273,0.0161
mixed,128,4,0.0312,4.0,16,4096,128,512,140,227.743,280.159,229.439,0.0324
mixed,128,4,0.0312,4.0,16,4096,1024,4096,1120,349.119,673.021,356.352,0.0223
mixed,128,4,0.0312,4.0,16,8192,128,512,140,384.577,446.623,389.567,0.0804
mixed,128,4,0.0312,4.0,16,8192,1024,4096,1120,503.264,825.342,504.702,0.0045
mixed,128,4,0.0312,4.0,128,0,128,512,140,80.127,131.584,82.273,0.0417
mixed,128,4,0.0312,4.0,128,0,1024,4096,1120,206.561,530.687,212.544,0.0185
mixed,128,4,0.0312,4.0,128,512,128,512,140,97.888,152.192,101.215,0.0613
mixed,128,4,0.0312,4.0,128,512,1024,4096,1120,222.718,548.768,229.024,0.0193
mixed,128,4,0.0312,4.0,128,4096,128,512,140,229.984,282.145,232.894,0.0558
mixed,128,4,0.0312,4.0,128,4096,1024,4096,1120,352.801,675.167,359.903,0.022
mixed,128,4,0.0312,4.0,128,8192,128,512,140,400.638,439.551,393.121,-0.1932
mixed,128,4,0.0312,4.0,128,8192,1024,4096,1120,513.181,831.71,518.208,0.0158
mixed,128,4,0.0312,4.0,1024,0,128,512,140,174.146,232.896,175.294,0.0195
mixed,128,4,0.0312,4.0,1024,0,1024,4096,1120,306.493,632.543,310.691,0.0129
mixed,128,4,0.0312,4.0,1024,512,128,512,140,213.47,272.671,216.256,0.0471
mixed,128,4,0.0312,4.0,1024,512,1024,4096,1120,345.184,676.478,354.177,0.0271
mixed,128,4,0.0312,4.0,1024,4096,128,512,140,514.877,571.135,515.166,0.0051
mixed,128,4,0.0312,4.0,1024,4096,1024,4096,1120,646.686,965.28,649.854,0.0099
mixed,128,4,0.0312,4.0,1024,8192,128,512,140,834.75,897.152,836.796,0.0328
mixed,128,4,0.0312,4.0,1024,8192,1024,4096,1120,962.175,1277.504,963.102,0.0029
mixed,128,4,0.0312,4.0,2048,0,128,512,140,342.75,402.207,345.566,0.0474
mixed,128,4,0.0312,4.0,2048,0,1024,4096,1120,480.767,807.133,488.734,0.0244
mixed,128,4,0.0312,4.0,2048,512,128,512,140,427.679,496.927,443.456,0.2278
mixed,128,4,0.0312,4.0,2048,512,1024,4096,1120,565.918,893.438,573.088,0.0219
mixed,128,4,0.0312,4.0,2048,4096,128,512,140,990.59,1053.148,989.309,-0.0205
mixed,128,4,0.0312,4.0,2048,4096,1024,4096,1120,1124.125,1443.549,1126.076,0.0061
mixed,128,4,0.0312,4.0,2048,8192,128,512,140,1598.812,1655.935,1599.105,0.0051
mixed,128,4,0.0312,4.0,2048,8192,1024,4096,1120,1733.405,2051.229,1732.509,-0.0028
pure,128,8,0.0625,4.0,0,0,128,512,152,56.416,109.631,60.48,0.0764
pure,128,8,0.0625,4.0,0,0,1024,4096,1216,188.447,506.783,193.792,0.0168
mixed,128,8,0.0625,4.0,16,0,128,512,152,76.481,129.153,82.015,0.1051
mixed,128,8,0.0625,4.0,16,0,1024,4096,1216,211.135,525.662,218.849,0.0245
mixed,128,8,0.0625,4.0,16,512,128,512,152,95.328,146.848,99.36,0.0783
mixed,128,8,0.0625,4.0,16,512,1024,4096,1216,228.064,545.056,237.824,0.0308
mixed,128,8,0.0625,4.0,16,4096,128,512,152,226.751,280.256,232.35,0.1046
mixed,128,8,0.0625,4.0,16,4096,1024,4096,1216,359.486,673.502,365.279,0.0184
mixed,128,8,0.0625,4.0,16,8192,128,512,152,376.575,440.319,391.583,0.2354
mixed,128,8,0.0625,4.0,16,8192,1024,4096,1216,513.823,826.655,516.382,0.0082
mixed,128,8,0.0625,4.0,128,0,128,512,152,80.609,133.409,83.747,0.0594
mixed,128,8,0.0625,4.0,128,0,1024,4096,1216,213.854,530.143,223.135,0.0293
mixed,128,8,0.0625,4.0,128,512,128,512,152,97.951,150.497,102.017,0.0774
mixed,128,8,0.0625,4.0,128,512,1024,4096,1216,231.936,546.974,239.167,0.023
mixed,128,8,0.0625,4.0,128,4096,128,512,152,229.76,280.767,232.927,0.0621
mixed,128,8,0.0625,4.0,128,4096,1024,4096,1216,361.823,676.511,367.712,0.0187
mixed,128,8,0.0625,4.0,128,8192,128,512,152,394.143,448.607,392.608,-0.0282
mixed,128,8,0.0625,4.0,128,8192,1024,4096,1216,518.432,829.534,522.176,0.012
mixed,128,8,0.0625,4.0,1024,0,128,512,152,174.144,230.559,177.855,0.0658
mixed,128,8,0.0625,4.0,1024,0,1024,4096,1216,314.304,631.261,321.889,0.0239
mixed,128,8,0.0625,4.0,1024,512,128,512,152,213.887,272.191,218.367,0.0768
mixed,128,8,0.0625,4.0,1024,512,1024,4096,1216,354.496,673.472,363.359,0.0278
mixed,128,8,0.0625,4.0,1024,4096,128,512,152,516.513,578.175,518.782,0.0368
mixed,128,8,0.0625,4.0,1024,4096,1024,4096,1216,658.559,962.944,655.357,-0.0105
mixed,128,8,0.0625,4.0,1024,8192,128,512,152,835.007,893.981,834.975,-0.0005
mixed,128,8,0.0625,4.0,1024,8192,1024,4096,1216,971.038,1279.678,970.015,-0.0033
mixed,128,8,0.0625,4.0,2048,0,128,512,152,343.488,401.791,346.881,0.0582
mixed,128,8,0.0625,4.0,2048,0,1024,4096,1216,488.415,808.799,495.999,0.0237
mixed,128,8,0.0625,4.0,2048,512,128,512,152,435.039,488.704,431.71,-0.062
mixed,128,8,0.0625,4.0,2048,512,1024,4096,1216,582.399,894.177,583.104,0.0023
mixed,128,8,0.0625,4.0,2048,4096,128,512,152,993.502,1057.15,991.294,-0.0347
mixed,128,8,0.0625,4.0,2048,4096,1024,4096,1216,1132.797,1443.454,1133.471,0.0022
mixed,128,8,0.0625,4.0,2048,8192,128,512,152,1603.677,1666.973,1604.511,0.0132
mixed,128,8,0.0625,4.0,2048,8192,1024,4096,1216,1747.648,2055.165,1744.669,-0.0097
pure,128,16,0.125,4.0,0,0,128,512,176,57.76,108.607,64.705,0.1366
pure,128,16,0.125,4.0,0,0,1024,4096,1408,210.271,503.679,212.097,0.0062
mixed,128,16,0.125,4.0,16,0,128,512,176,77.983,130.497,84.193,0.1183
mixed,128,16,0.125,4.0,16,0,1024,4096,1408,232.094,526.24,234.111,0.0069
mixed,128,16,0.125,4.0,16,512,128,512,176,96.64,148.321,102.624,0.1158
mixed,128,16,0.125,4.0,16,512,1024,4096,1408,252.577,544.831,253.632,0.0036
mixed,128,16,0.125,4.0,16,4096,128,512,176,228.321,279.103,234.305,0.1178
mixed,128,16,0.125,4.0,16,4096,1024,4096,1408,380.51,672.607,382.815,0.0079
mixed,128,16,0.125,4.0,16,8192,128,512,176,391.388,432.831,393.407,0.0487
mixed,128,16,0.125,4.0,16,8192,1024,4096,1408,533.951,816.639,533.95,-0.0
mixed,128,16,0.125,4.0,128,0,128,512,176,79.774,130.975,88.543,0.1713
mixed,128,16,0.125,4.0,128,0,1024,4096,1408,236.704,530.336,237.696,0.0034
mixed,128,16,0.125,4.0,128,512,128,512,176,98.143,150.592,105.407,0.1385
mixed,128,16,0.125,4.0,128,512,1024,4096,1408,253.473,548.029,256.479,0.0102
mixed,128,16,0.125,4.0,128,4096,128,512,176,231.327,280.541,237.536,0.1262
mixed,128,16,0.125,4.0,128,4096,1024,4096,1408,385.343,676.064,386.367,0.0035
mixed,128,16,0.125,4.0,128,8192,128,512,176,402.433,446.654,392.799,-0.2179
mixed,128,16,0.125,4.0,128,8192,1024,4096,1408,534.655,830.494,541.567,0.0234
mixed,128,16,0.125,4.0,1024,0,128,512,176,175.488,232.705,181.375,0.1029
mixed,128,16,0.125,4.0,1024,0,1024,4096,1408,340.864,631.456,341.44,0.002
mixed,128,16,0.125,4.0,1024,512,128,512,176,215.198,271.904,221.567,0.1123
mixed,128,16,0.125,4.0,1024,512,1024,4096,1408,379.424,676.288,379.678,0.0009
mixed,128,16,0.125,4.0,1024,4096,128,512,176,518.208,570.369,518.495,0.0055
mixed,128,16,0.125,4.0,1024,4096,1024,4096,1408,682.944,965.855,675.841,-0.0251
mixed,128,16,0.125,4.0,1024,8192,128,512,176,836.289,893.793,836.639,0.0061
mixed,128,16,0.125,4.0,1024,8192,1024,4096,1408,991.456,1282.495,990.493,-0.0033
mixed,128,16,0.125,4.0,2048,0,128,512,176,345.088,401.185,350.112,0.0896
mixed,128,16,0.125,4.0,2048,0,1024,4096,1408,512.704,806.652,515.679,0.0101
mixed,128,16,0.125,4.0,2048,512,128,512,176,436.895,505.536,438.367,0.0214
mixed,128,16,0.125,4.0,2048,512,1024,4096,1408,606.431,895.741,609.822,0.0117
mixed,128,16,0.125,4.0,2048,4096,128,512,176,995.806,1055.421,995.423,-0.0064
mixed,128,16,0.125,4.0,2048,4096,1024,4096,1408,1156.96,1445.084,1156.19,-0.0027
mixed,128,16,0.125,4.0,2048,8192,128,512,176,1603.324,1662.62,1603.776,0.0076
mixed,128,16,0.125,4.0,2048,8192,1024,4096,1408,1763.642,2051.068,1757.405,-0.0217
pure,128,32,0.25,4.0,0,0,128,512,224,62.304,108.928,71.712,0.2018
pure,128,32,0.25,4.0,0,0,1024,4096,1792,255.582,504.255,253.759,-0.0073
mixed,128,32,0.25,4.0,16,0,128,512,224,82.56,129.472,92.446,0.2107
mixed,128,32,0.25,4.0,16,0,1024,4096,1792,276.928,524.128,274.525,-0.0097
mixed,128,32,0.25,4.0,16,512,128,512,224,101.215,148.0,111.551,0.2209
mixed,128,32,0.25,4.0,16,512,1024,4096,1792,295.007,543.232,294.401,-0.0024
mixed,128,32,0.25,4.0,16,4096,128,512,224,233.567,279.169,243.615,0.2203
mixed,128,32,0.25,4.0,16,4096,1024,4096,1792,425.375,673.727,422.336,-0.0122
mixed,128,32,0.25,4.0,16,8192,128,512,224,395.839,446.173,405.792,0.1977
mixed,128,32,0.25,4.0,16,8192,1024,4096,1792,577.916,829.502,581.824,0.0155
mixed,128,32,0.25,4.0,128,0,128,512,224,86.368,132.322,97.76,0.2479
mixed,128,32,0.25,4.0,128,0,1024,4096,1792,282.975,531.327,279.521,-0.0139
mixed,128,32,0.25,4.0,128,512,128,512,224,103.134,151.456,114.625,0.2378
mixed,128,32,0.25,4.0,128,512,1024,4096,1792,299.55,548.48,297.186,-0.0095
mixed,128,32,0.25,4.0,128,4096,128,512,224,236.897,281.888,247.967,0.246
mixed,128,32,0.25,4.0,128,4096,1024,4096,1792,429.151,678.655,429.342,0.0008
mixed,128,32,0.25,4.0,128,8192,128,512,224,398.593,438.239,407.006,0.2122
mixed,128,32,0.25,4.0,128,8192,1024,4096,1792,583.456,836.062,582.943,-0.002
mixed,128,32,0.25,4.0,1024,0,128,512,224,178.878,231.136,191.456,0.2407
mixed,128,32,0.25,4.0,1024,0,1024,4096,1792,384.126,634.176,379.873,-0.017
mixed,128,32,0.25,4.0,1024,512,128,512,224,220.223,272.8,230.016,0.1863
mixed,128,32,0.25,4.0,1024,512,1024,4096,1792,424.929,672.094,418.751,-0.025
mixed,128,32,0.25,4.0,1024,4096,128,512,224,524.031,578.431,525.088,0.0194
mixed,128,32,0.25,4.0,1024,4096,1024,4096,1792,725.597,959.998,713.663,-0.0509
mixed,128,32,0.25,4.0,1024,8192,128,512,224,840.894,894.593,843.838,0.0548
mixed,128,32,0.25,4.0,1024,8192,1024,4096,1792,1037.917,1280.542,1028.667,-0.0381
mixed,128,32,0.25,4.0,2048,0,128,512,224,350.335,401.056,359.809,0.1868
mixed,128,32,0.25,4.0,2048,0,1024,4096,1792,560.96,807.583,557.758,-0.013
mixed,128,32,0.25,4.0,2048,512,128,512,224,450.304,496.318,447.073,-0.0702
mixed,128,32,0.25,4.0,2048,512,1024,4096,1792,660.188,898.399,648.958,-0.0471
mixed,128,32,0.25,4.0,2048,4096,128,512,224,997.5,1054.205,999.455,0.0345
mixed,128,32,0.25,4.0,2048,4096,1024,4096,1792,1205.886,1442.3,1194.204,-0.0494
mixed,128,32,0.25,4.0,2048,8192,128,512,224,1605.373,1660.221,1610.877,0.1004
mixed,128,32,0.25,4.0,2048,8192,1024,4096,1792,1805.114,2048.859,1807.004,0.0078
pure,128,64,0.5,4.0,0,0,128,512,320,79.552,109.279,82.144,0.0872
pure,128,64,0.5,4.0,0,0,1024,4096,2560,341.057,507.934,342.272,0.0073
mixed,128,64,0.5,4.0,16,0,128,512,320,101.344,129.918,103.774,0.085
mixed,128,64,0.5,4.0,16,0,1024,4096,2560,363.296,526.464,364.255,0.0059
mixed,128,64,0.5,4.0,16,512,128,512,320,119.392,147.873,123.104,0.1303
mixed,128,64,0.5,4.0,16,512,1024,4096,2560,379.007,543.198,377.343,-0.0101
mixed,128,64,0.5,4.0,16,4096,128,512,320,250.559,278.751,256.031,0.1941
mixed,128,64,0.5,4.0,16,4096,1024,4096,2560,510.301,672.48,512.865,0.0158
mixed,128,64,0.5,4.0,16,8192,128,512,320,415.009,445.343,415.007,-0.0001
mixed,128,64,0.5,4.0,16,8192,1024,4096,2560,665.824,830.047,664.065,-0.0107
mixed,128,64,0.5,4.0,128,0,128,512,320,104.159,132.063,107.359,0.1147
mixed,128,64,0.5,4.0,128,0,1024,4096,2560,364.478,530.366,364.512,0.0002
mixed,128,64,0.5,4.0,128,512,128,512,320,122.688,151.359,125.857,0.1105
mixed,128,64,0.5,4.0,128,512,1024,4096,2560,381.696,546.27,382.175,0.0029
mixed,128,64,0.5,4.0,128,4096,128,512,320,254.559,281.28,256.799,0.0838
mixed,128,64,0.5,4.0,128,4096,1024,4096,2560,511.648,676.893,517.086,0.0329
mixed,128,64,0.5,4.0,128,8192,128,512,320,420.226,447.037,420.061,-0.0062
mixed,128,64,0.5,4.0,128,8192,1024,4096,2560,666.621,834.62,663.07,-0.0211
mixed,128,64,0.5,4.0,1024,0,128,512,320,200.319,231.839,204.385,0.129
mixed,128,64,0.5,4.0,1024,0,1024,4096,2560,466.176,631.072,465.951,-0.0014
mixed,128,64,0.5,4.0,1024,512,128,512,320,241.437,272.83,242.686,0.0398
mixed,128,64,0.5,4.0,1024,512,1024,4096,2560,506.942,672.832,508.19,0.0075
mixed,128,64,0.5,4.0,1024,4096,128,512,320,544.032,579.071,544.415,0.0109
mixed,128,64,0.5,4.0,1024,4096,1024,4096,2560,800.351,960.221,790.942,-0.0589
mixed,128,64,0.5,4.0,1024,8192,128,512,320,865.693,895.775,858.88,-0.2265
mixed,128,64,0.5,4.0,1024,8192,1024,4096,2560,1112.605,1277.885,1108.736,-0.0234
mixed,128,64,0.5,4.0,2048,0,128,512,320,370.848,400.127,372.704,0.0634
mixed,128,64,0.5,4.0,2048,0,1024,4096,2560,643.744,806.621,641.183,-0.0157
mixed,128,64,0.5,4.0,2048,512,128,512,320,466.526,505.44,468.831,0.0592
mixed,128,64,0.5,4.0,2048,512,1024,4096,2560,732.318,893.63,726.112,-0.0385
mixed,128,64,0.5,4.0,2048,4096,128,512,320,1019.262,1053.922,1016.575,-0.0775
mixed,128,64,0.5,4.0,2048,4096,1024,4096,2560,1281.854,1442.206,1277.564,-0.0268
mixed,128,64,0.5,4.0,2048,8192,128,512,320,1629.308,1665.468,1626.749,-0.0708
mixed,128,64,0.5,4.0,2048,8192,1024,4096,2560,1887.709,2052.028,1882.621,-0.031
pure,128,96,0.75,4.0,0,0,128,512,416,92.704,107.106,96.801,0.2845
pure,128,96,0.75,4.0,0,0,1024,4096,3328,421.823,504.286,422.689,0.0105
mixed,128,96,0.75,4.0,16,0,128,512,416,112.191,129.216,117.665,0.3215
mixed,128,96,0.75,4.0,16,0,1024,4096,3328,445.022,525.312,443.965,-0.0132
mixed,128,96,0.75,4.0,16,512,128,512,416,129.857,147.901,134.594,0.2625
mixed,128,96,0.75,4.0,16,512,1024,4096,3328,463.263,544.161,462.176,-0.0134
mixed,128,96,0.75,4.0,16,4096,128,512,416,263.615,279.168,267.358,0.2407
mixed,128,96,0.75,4.0,16,4096,1024,4096,3328,592.351,673.535,591.393,-0.0118
mixed,128,96,0.75,4.0,16,8192,128,512,416,422.338,444.832,428.511,0.2744
mixed,128,96,0.75,4.0,16,8192,1024,4096,3328,739.933,824.224,750.045,0.12
mixed,128,96,0.75,4.0,128,0,128,512,416,116.353,131.613,119.551,0.2096
mixed,128,96,0.75,4.0,128,0,1024,4096,3328,449.568,529.534,448.223,-0.0168
mixed,128,96,0.75,4.0,128,512,128,512,416,133.6,150.623,138.463,0.2857
mixed,128,96,0.75,4.0,128,512,1024,4096,3328,467.293,546.495,465.535,-0.0222
mixed,128,96,0.75,4.0,128,4096,128,512,416,263.168,280.896,270.146,0.3936
mixed,128,96,0.75,4.0,128,4096,1024,4096,3328,595.453,677.215,595.358,-0.0012
mixed,128,96,0.75,4.0,128,8192,128,512,416,427.006,453.055,434.337,0.2814
mixed,128,96,0.75,4.0,128,8192,1024,4096,3328,752.159,828.478,750.272,-0.0247
mixed,128,96,0.75,4.0,1024,0,128,512,416,211.585,231.392,220.449,0.4475
mixed,128,96,0.75,4.0,1024,0,1024,4096,3328,548.639,631.871,549.534,0.0108
mixed,128,96,0.75,4.0,1024,512,128,512,416,250.176,272.192,260.255,0.4578
mixed,128,96,0.75,4.0,1024,512,1024,4096,3328,591.775,673.216,590.845,-0.0114
mixed,128,96,0.75,4.0,1024,4096,128,512,416,557.15,580.704,559.519,0.1006
mixed,128,96,0.75,4.0,1024,4096,1024,4096,3328,880.029,963.935,878.527,-0.0179
mixed,128,96,0.75,4.0,1024,8192,128,512,416,874.303,893.95,875.998,0.0863
mixed,128,96,0.75,4.0,1024,8192,1024,4096,3328,1198.236,1277.852,1196.893,-0.0169
mixed,128,96,0.75,4.0,2048,0,128,512,416,380.287,401.726,388.159,0.3672
mixed,128,96,0.75,4.0,2048,0,1024,4096,3328,727.84,808.128,724.224,-0.045
mixed,128,96,0.75,4.0,2048,512,128,512,416,474.145,508.415,477.344,0.0933
mixed,128,96,0.75,4.0,2048,512,1024,4096,3328,807.2,897.214,804.766,-0.027
mixed,128,96,0.75,4.0,2048,4096,128,512,416,1032.157,1053.887,1031.52,-0.0293
mixed,128,96,0.75,4.0,2048,4096,1024,4096,3328,1361.087,1445.406,1363.804,0.0322
mixed,128,96,0.75,4.0,2048,8192,128,512,416,1640.059,1657.727,1643.453,0.1921
mixed,128,96,0.75,4.0,2048,8192,1024,4096,3328,1965.18,2054.78,1968.699,0.0393
pure,128,115,0.8984,4.0,0,0,128,512,473,99.136,108.159,101.184,0.227
pure,128,115,0.8984,4.0,0,0,1024,4096,3784,467.201,503.616,484.639,0.4789
mixed,128,115,0.8984,4.0,16,0,128,512,473,118.717,130.944,123.423,0.3849
mixed,128,115,0.8984,4.0,16,0,1024,4096,3784,489.504,527.072,509.694,0.5374
mixed,128,115,0.8984,4.0,16,512,128,512,473,137.696,147.136,141.216,0.3729
mixed,128,115,0.8984,4.0,16,512,1024,4096,3784,505.568,544.61,526.975,0.5483
mixed,128,115,0.8984,4.0,16,4096,128,512,473,269.024,279.904,271.04,0.1853
mixed,128,115,0.8984,4.0,16,4096,1024,4096,3784,635.873,673.342,653.471,0.4697
mixed,128,115,0.8984,4.0,16,8192,128,512,473,421.472,439.614,431.327,0.5432
mixed,128,115,0.8984,4.0,16,8192,1024,4096,3784,786.367,824.544,807.197,0.5456
mixed,128,115,0.8984,4.0,128,0,128,512,473,121.983,131.616,125.407,0.3554
mixed,128,115,0.8984,4.0,128,0,1024,4096,3784,492.737,529.823,514.399,0.5841
mixed,128,115,0.8984,4.0,128,512,128,512,473,140.639,150.367,143.008,0.2435
mixed,128,115,0.8984,4.0,128,512,1024,4096,3784,512.415,547.134,533.472,0.6065
mixed,128,115,0.8984,4.0,128,4096,128,512,473,271.103,281.952,276.256,0.475
mixed,128,115,0.8984,4.0,128,4096,1024,4096,3784,640.929,676.96,660.478,0.5426
mixed,128,115,0.8984,4.0,128,8192,128,512,473,426.593,455.966,432.223,0.1917
mixed,128,115,0.8984,4.0,128,8192,1024,4096,3784,794.302,828.381,812.927,0.5465
mixed,128,115,0.8984,4.0,1024,0,128,512,473,217.472,231.455,227.614,0.7253
mixed,128,115,0.8984,4.0,1024,0,1024,4096,3784,594.495,634.111,610.144,0.395
mixed,128,115,0.8984,4.0,1024,512,128,512,473,256.992,271.743,268.352,0.7701
mixed,128,115,0.8984,4.0,1024,512,1024,4096,3784,633.535,671.488,651.327,0.4688
mixed,128,115,0.8984,4.0,1024,4096,128,512,473,560.48,578.461,565.15,0.2597
mixed,128,115,0.8984,4.0,1024,4096,1024,4096,3784,925.022,965.917,944.382,0.4734
mixed,128,115,0.8984,4.0,1024,8192,128,512,473,877.662,892.865,883.325,0.3725
mixed,128,115,0.8984,4.0,1024,8192,1024,4096,3784,1239.517,1276.224,1263.87,0.6634
mixed,128,115,0.8984,4.0,2048,0,128,512,473,386.081,402.047,395.774,0.6071
mixed,128,115,0.8984,4.0,2048,0,1024,4096,3784,771.583,807.168,791.071,0.5476
mixed,128,115,0.8984,4.0,2048,512,128,512,473,480.862,489.471,491.615,1.249
mixed,128,115,0.8984,4.0,2048,512,1024,4096,3784,854.239,899.613,877.595,0.5147
mixed,128,115,0.8984,4.0,2048,4096,128,512,473,1035.49,1056.763,1040.797,0.2495
mixed,128,115,0.8984,4.0,2048,4096,1024,4096,3784,1403.775,1441.469,1427.326,0.6248
mixed,128,115,0.8984,4.0,2048,8192,128,512,473,1651.166,1660.797,1649.66,-0.1564
mixed,128,115,0.8984,4.0,2048,8192,1024,4096,3784,2008.958,2050.27,2034.4,0.6159
pure,256,1,0.0039,4.0,0,0,128,512,129,90.56,163.008,90.848,0.004
pure,256,1,0.0039,4.0,0,0,1024,4096,1036,275.775,924.799,277.248,0.0023
pure,256,2,0.0078,4.0,0,0,128,512,131,90.977,163.232,91.422,0.0062
pure,256,2,0.0078,4.0,0,0,1024,4096,1048,279.199,925.342,281.217,0.0031
pure,256,3,0.0117,4.0,0,0,128,512,132,89.76,163.136,92.0,0.0305
pure,256,3,0.0117,4.0,0,0,1024,4096,1060,281.376,925.052,283.903,0.0039
pure,256,4,0.0156,4.0,0,0,128,512,134,90.368,163.806,91.201,0.0113
pure,256,4,0.0156,4.0,0,0,1024,4096,1072,286.848,922.078,286.335,-0.0008
pure,256,16,0.0625,4.0,0,0,128,512,152,89.887,163.487,95.52,0.0765
pure,256,16,0.0625,4.0,0,0,1024,4096,1216,313.599,926.816,315.519,0.0031
pure,256,32,0.125,4.0,0,0,128,512,176,90.239,164.288,103.264,0.1759
pure,256,32,0.125,4.0,0,0,1024,4096,1408,355.615,924.477,357.952,0.0041
pure,256,64,0.25,4.0,0,0,128,512,224,90.72,164.129,111.809,0.2873
pure,256,64,0.25,4.0,0,0,1024,4096,1792,438.367,924.509,440.159,0.0037
pure,256,128,0.5,4.0,0,0,128,512,320,121.472,162.784,132.607,0.2695
pure,256,128,0.5,4.0,0,0,1024,4096,2560,601.503,928.638,600.064,-0.0044
pure,256,192,0.75,4.0,0,0,128,512,416,138.719,164.513,147.424,0.3375
pure,256,192,0.75,4.0,0,0,1024,4096,3328,765.888,924.831,781.855,0.1005
pure,256,230,0.8984,4.0,0,0,128,512,473,148.416,164.703,155.647,0.444
pure,256,230,0.8984,4.0,0,0,1024,4096,3784,861.023,924.735,869.919,0.1396
mixed,16,2,0.125,1.5,16,0,128,192,136,50.399,51.04,50.497,0.1529
mixed,16,2,0.125,2.0,16,0,128,256,144,50.274,54.88,53.791,0.7636
mixed,16,2,0.125,8.0,16,0,128,1024,240,52.384,68.64,61.346,0.5513
mixed,16,2,0.125,16.0,16,0,128,2048,368,55.552,83.485,68.225,0.4537
mixed,128,16,0.125,1.5,16,0,128,192,136,76.927,79.2,76.642,-0.1254
mixed,128,16,0.125,2.0,16,0,128,256,144,77.31,97.854,81.088,0.1839
mixed,128,16,0.125,8.0,16,0,128,1024,240,86.209,193.984,92.0,0.0537
mixed,128,16,0.125,16.0,16,0,128,2048,368,105.92,304.063,111.808,0.0297
mixed,16,8,0.5,1.5,16,0,128,192,160,51.008,51.519,51.168,0.3131
mixed,16,8,0.5,2.0,16,0,128,256,192,51.327,54.882,53.92,0.7294
pure,16,2,0.125,2.0,0,0,128,256,144,28.544,33.504,31.2,0.5355
pure,16,2,0.125,8.0,0,0,128,1024,240,29.759,47.008,39.073,0.54
pure,16,2,0.125,16.0,0,0,128,2048,368,32.96,62.465,46.4,0.4555
