layer,tokens,time_us
embedding,1,4.56533
embedding,2,4.82167
embedding,3,5.01367
embedding,4,5.184
embedding,5,5.888
embedding,6,5.99467
embedding,7,6.325
embedding,8,6.272
embedding,9,6.70933
embedding,10,7.296
embedding,11,7.18933
embedding,12,7.62567
embedding,13,7.90367
embedding,14,8.56633
embedding,15,8.34133
embedding,16,8.56567
embedding,20,4.256
embedding,24,3.88267
embedding,28,4.31967
embedding,32,3.91467
embedding,36,3.98933
embedding,40,4.021
embedding,44,3.81867
embedding,48,4.08467
embedding,52,3.99967
embedding,56,3.968
embedding,60,3.86133
embedding,64,3.936
embedding,80,4.20267
embedding,96,3.82933
embedding,112,4.24533
embedding,128,3.82933
embedding,144,4.87533
embedding,160,4.32
embedding,176,4.78933
embedding,192,4.416
embedding,208,4.78933
embedding,224,4.384
embedding,240,4.8
embedding,256,4.82133
embedding,272,5.237
embedding,288,4.89633
embedding,304,5.291
embedding,320,5.41867
embedding,336,5.25867
embedding,352,4.97067
embedding,368,5.50433
embedding,384,5.13067
embedding,400,6.048
embedding,416,5.90933
embedding,432,5.63233
embedding,448,5.64267
embedding,464,5.952
embedding,480,6.02667
embedding,496,6.01533
embedding,512,6.02667
embedding,528,6.08
embedding,544,5.86667
embedding,560,5.80267
embedding,576,6.208
embedding,592,6.251
embedding,608,6.03767
embedding,624,6.19733
embedding,640,6.26167
embedding,656,6.15467
embedding,672,6.304
embedding,688,6.67767
embedding,704,6.63467
embedding,720,6.33633
embedding,736,6.304
embedding,752,6.63433
embedding,768,6.85867
embedding,784,6.42133
embedding,800,6.44267
embedding,816,6.528
embedding,832,6.53867
embedding,848,6.51733
embedding,864,6.656
embedding,880,6.51733
embedding,896,6.51733
embedding,912,6.64567
embedding,928,6.624
embedding,944,6.976
embedding,960,7.10433
embedding,976,6.80533
embedding,992,6.688
embedding,1008,7.06133
embedding,1024,7.14667
embedding,1040,6.88033
embedding,1056,6.81567
embedding,1072,7.22133
embedding,1088,7.296
embedding,1104,7.19
embedding,1120,7.05033
embedding,1136,7.48833
embedding,1152,7.46667
embedding,1168,7.104
embedding,1184,7.14667
embedding,1200,7.18933
embedding,1216,7.328
embedding,1232,7.264
embedding,1248,7.328
embedding,1264,7.29633
embedding,1280,7.286
embedding,1296,7.232
embedding,1312,7.38167
embedding,1328,7.44567
embedding,1344,7.456
embedding,1360,7.552
embedding,1376,7.57333
embedding,1392,7.531
embedding,1408,7.60567
embedding,1424,7.60533
embedding,1440,7.92567
embedding,1456,7.98933
embedding,1472,7.69067
embedding,1488,7.74333
embedding,1504,7.936
embedding,1520,8.16
embedding,1536,7.76533
embedding,1552,7.776
embedding,1568,7.80767
embedding,1584,7.79767
embedding,1600,7.95733
embedding,1616,7.87167
embedding,1632,7.98933
embedding,1648,7.882
embedding,1664,7.98933
embedding,1680,8.20267
embedding,1696,7.92533
embedding,1712,7.999
embedding,1728,8.00033
embedding,1744,8.01067
embedding,1760,8.04267
embedding,1776,8.08533
embedding,1792,8.22367
embedding,1808,8.181
embedding,1824,8.18133
embedding,1840,8.26667
embedding,1856,8.26567
embedding,1872,8.34133
embedding,1888,8.28733
embedding,1904,8.30933
embedding,1920,8.47967
embedding,1936,8.512
embedding,1952,8.523
embedding,1968,8.437
embedding,1984,8.52267
embedding,2000,8.597
embedding,2016,8.56533
embedding,2032,8.64067
embedding,2048,8.704
final_layernorm,1,3.34933
final_layernorm,2,3.08267
final_layernorm,3,3.12567
final_layernorm,4,3.17867
final_layernorm,5,3.11467
final_layernorm,6,3.10367
final_layernorm,7,3.15733
final_layernorm,8,3.11467
final_layernorm,9,3.13633
final_layernorm,10,3.21067
final_layernorm,11,3.50933
final_layernorm,12,3.50933
final_layernorm,13,3.488
final_layernorm,14,3.46667
final_layernorm,15,3.552
final_layernorm,16,3.47733
final_layernorm,20,3.43467
final_layernorm,24,3.43467
final_layernorm,28,3.42433
final_layernorm,32,3.54133
final_layernorm,36,3.46667
final_layernorm,40,3.47767
final_layernorm,44,3.47733
final_layernorm,48,3.54133
final_layernorm,52,3.46667
final_layernorm,56,3.43467
final_layernorm,60,3.50967
final_layernorm,64,3.47733
final_layernorm,80,3.62667
final_layernorm,96,3.57333
final_layernorm,112,3.61567
final_layernorm,128,3.57267
final_layernorm,144,3.66867
final_layernorm,160,4.07467
final_layernorm,176,4.14967
final_layernorm,192,4.14933
final_layernorm,208,4.17067
final_layernorm,224,4.16
final_layernorm,240,4.277
final_layernorm,256,4.672
final_layernorm,272,4.49067
final_layernorm,288,4.64
final_layernorm,304,4.736
final_layernorm,320,4.97033
final_layernorm,336,4.928
final_layernorm,352,4.92767
final_layernorm,368,5.18367
final_layernorm,384,4.992
final_layernorm,400,5.25833
final_layernorm,416,5.16267
final_layernorm,432,5.056
final_layernorm,448,5.408
final_layernorm,464,5.61067
final_layernorm,480,5.707
final_layernorm,496,5.71767
final_layernorm,512,5.70633
final_layernorm,528,5.856
final_layernorm,544,5.6
final_layernorm,560,5.728
final_layernorm,576,5.856
final_layernorm,592,5.824
final_layernorm,608,6.13333
final_layernorm,624,6.08
final_layernorm,640,6.19733
final_layernorm,656,6.19733
final_layernorm,672,6.32533
final_layernorm,688,6.432
final_layernorm,704,6.52833
final_layernorm,720,6.37867
final_layernorm,736,6.38933
final_layernorm,752,6.70933
final_layernorm,768,6.912
final_layernorm,784,6.83667
final_layernorm,800,6.97667
final_layernorm,816,6.82667
final_layernorm,832,6.95467
final_layernorm,848,6.94367
final_layernorm,864,7.07233
final_layernorm,880,6.95467
final_layernorm,896,7.36
final_layernorm,912,7.499
final_layernorm,928,7.62667
final_layernorm,944,7.75467
final_layernorm,960,7.712
final_layernorm,976,7.85067
final_layernorm,992,7.78667
final_layernorm,1008,7.79733
final_layernorm,1024,7.968
final_layernorm,1040,7.947
final_layernorm,1056,8.03233
final_layernorm,1072,8.14933
final_layernorm,1088,8.56533
final_layernorm,1104,8.39467
final_layernorm,1120,8.46933
final_layernorm,1136,8.56567
final_layernorm,1152,8.51167
final_layernorm,1168,8.46933
final_layernorm,1184,8.39467
final_layernorm,1200,9.94133
final_layernorm,1216,10.016
final_layernorm,1232,9.94133
final_layernorm,1248,10.2293
final_layernorm,1264,10.2183
final_layernorm,1280,10.144
final_layernorm,1296,10.496
final_layernorm,1312,10.3787
final_layernorm,1328,10.4643
final_layernorm,1344,10.5063
final_layernorm,1360,10.4423
final_layernorm,1376,10.4107
final_layernorm,1392,10.528
final_layernorm,1408,10.4637
final_layernorm,1424,10.6343
final_layernorm,1440,10.6773
final_layernorm,1456,10.6987
final_layernorm,1472,10.72
final_layernorm,1488,10.7947
final_layernorm,1504,10.7627
final_layernorm,1520,10.7843
final_layernorm,1536,10.987
final_layernorm,1552,10.8907
final_layernorm,1568,10.8693
final_layernorm,1584,11.104
final_layernorm,1600,11.0187
final_layernorm,1616,11.157
final_layernorm,1632,11.3173
final_layernorm,1648,11.328
final_layernorm,1664,11.2
final_layernorm,1680,11.221
final_layernorm,1696,11.424
final_layernorm,1712,11.3493
final_layernorm,1728,11.6053
final_layernorm,1744,11.648
final_layernorm,1760,11.456
final_layernorm,1776,11.9253
final_layernorm,1792,11.818
final_layernorm,1808,12.1067
final_layernorm,1824,11.893
final_layernorm,1840,11.808
final_layernorm,1856,11.904
final_layernorm,1872,11.904
final_layernorm,1888,12.1917
final_layernorm,1904,12.1813
final_layernorm,1920,12.2983
final_layernorm,1936,12.267
final_layernorm,1952,12.5333
final_layernorm,1968,12.4053
final_layernorm,1984,12.4693
final_layernorm,2000,12.747
final_layernorm,2016,12.6613
final_layernorm,2032,12.8213
final_layernorm,2048,12.7467
layernorm,1,2.88533
layernorm,2,2.9865
layernorm,3,3.01333
layernorm,4,2.98667
layernorm,5,3.008
layernorm,6,3.0345
layernorm,7,2.9815
layernorm,8,3.03467
layernorm,9,2.94417
layernorm,10,3.05583
layernorm,11,3.33333
layernorm,12,3.3815
layernorm,13,3.30683
layernorm,14,3.35983
layernorm,15,3.38133
layernorm,16,3.37033
layernorm,20,3.296
layernorm,24,3.27983
layernorm,28,3.26933
layernorm,32,3.31733
layernorm,36,3.30683
layernorm,40,3.27483
layernorm,44,3.3175
layernorm,48,3.28533
layernorm,52,3.29083
layernorm,56,3.36533
layernorm,60,3.296
layernorm,64,3.34417
layernorm,80,3.35467
layernorm,96,3.408
layernorm,112,3.46133
layernorm,128,3.424
layernorm,144,3.44533
layernorm,160,3.69583
layernorm,176,3.82417
layernorm,192,3.76533
layernorm,208,3.89333
layernorm,224,3.84
layernorm,240,3.8135
layernorm,256,4.24017
layernorm,272,4.34133
layernorm,288,4.29883
layernorm,304,4.379
layernorm,320,4.48533
layernorm,336,4.608
layernorm,352,4.49583
layernorm,368,4.64517
layernorm,384,4.59733
layernorm,400,4.63483
layernorm,416,4.59233
layernorm,432,4.66683
layernorm,448,4.71483
layernorm,464,4.86933
layernorm,480,4.86383
layernorm,496,4.81067
layernorm,512,4.91733
layernorm,528,4.992
layernorm,544,5.072
layernorm,560,5.02933
layernorm,576,4.992
layernorm,592,5.088
layernorm,608,5.392
layernorm,624,5.483
layernorm,640,5.47717
layernorm,656,5.552
layernorm,672,5.57867
layernorm,688,5.42917
layernorm,704,5.616
layernorm,720,5.79217
layernorm,736,5.5735
layernorm,752,5.90933
layernorm,768,5.9945
layernorm,784,6.07467
layernorm,800,6.144
layernorm,816,6.22383
layernorm,832,6.17617
layernorm,848,6.21883
layernorm,864,6.33083
layernorm,880,6.25633
layernorm,896,6.29867
layernorm,912,6.608
layernorm,928,6.64033
layernorm,944,6.59733
layernorm,960,6.74683
layernorm,976,6.88533
layernorm,992,6.8535
layernorm,1008,6.70967
layernorm,1024,6.81633
layernorm,1040,6.96
layernorm,1056,7.0775
layernorm,1072,7.14633
layernorm,1088,7.38133
layernorm,1104,7.4775
layernorm,1120,7.36
layernorm,1136,7.34933
layernorm,1152,7.472
layernorm,1168,7.49833
layernorm,1184,7.568
layernorm,1200,8.53867
layernorm,1216,8.618
layernorm,1232,8.7145
layernorm,1248,8.59217
layernorm,1264,8.624
layernorm,1280,8.7575
layernorm,1296,8.69317
layernorm,1312,8.82133
layernorm,1328,8.896
layernorm,1344,9.0985
layernorm,1360,9.15183
layernorm,1376,9.26917
layernorm,1392,9.31717
layernorm,1408,9.29083
layernorm,1424,9.35467
layernorm,1440,9.32767
layernorm,1456,9.49867
layernorm,1472,9.59467
layernorm,1488,9.504
layernorm,1504,9.49867
layernorm,1520,9.5305
layernorm,1536,9.808
layernorm,1552,9.6905
layernorm,1568,9.64267
layernorm,1584,9.728
layernorm,1600,9.91467
layernorm,1616,9.85067
layernorm,1632,9.95717
layernorm,1648,9.952
layernorm,1664,9.9255
layernorm,1680,10.0745
layernorm,1696,10.0215
layernorm,1712,10.2773
layernorm,1728,10.2025
layernorm,1744,10.1973
layernorm,1760,10.272
layernorm,1776,10.0798
layernorm,1792,10.5973
layernorm,1808,10.3037
layernorm,1824,10.4427
layernorm,1840,10.6453
layernorm,1856,10.6453
layernorm,1872,10.7412
layernorm,1888,10.8855
layernorm,1904,10.7843
layernorm,1920,10.88
layernorm,1936,10.928
layernorm,1952,10.9602
layernorm,1968,11.0027
layernorm,1984,10.9922
layernorm,2000,11.2373
layernorm,2016,11.296
layernorm,2032,11.4503
layernorm,2048,11.456
o_proj,1,9.451
o_proj,2,8.992
o_proj,3,7.88267
o_proj,4,7.85067
o_proj,5,7.72233
o_proj,6,7.70133
o_proj,7,7.712
o_proj,8,8.04267
o_proj,9,6.123
o_proj,10,6.28267
o_proj,11,6.18633
o_proj,12,6.27233
o_proj,13,6.176
o_proj,14,6.20833
o_proj,15,6.22933
o_proj,16,6.18667
o_proj,20,6.36733
o_proj,24,6.22933
o_proj,28,6.336
o_proj,32,6.34667
o_proj,36,6.29367
o_proj,40,6.26167
o_proj,44,6.25067
o_proj,48,6.475
o_proj,52,6.464
o_proj,56,6.34633
o_proj,60,6.27167
o_proj,64,6.464
o_proj,80,6.86967
o_proj,96,6.54933
o_proj,112,6.57067
o_proj,128,6.45333
o_proj,144,6.73033
o_proj,160,6.66667
o_proj,176,6.78367
o_proj,192,6.80533
o_proj,208,7.09333
o_proj,224,7.072
o_proj,240,7.48767
o_proj,256,7.317
o_proj,272,8.43667
o_proj,288,7.25333
o_proj,304,8.235
o_proj,320,8.192
o_proj,336,9.10933
o_proj,352,8.69367
o_proj,368,8.59733
o_proj,384,8.56533
o_proj,400,9.291
o_proj,416,8.768
o_proj,432,9.03467
o_proj,448,9.653
o_proj,464,10.24
o_proj,480,9.44
o_proj,496,9.25867
o_proj,512,9.291
o_proj,528,10.272
o_proj,544,9.80233
o_proj,560,9.771
o_proj,576,10.528
o_proj,592,10.6133
o_proj,608,10.432
o_proj,624,10.368
o_proj,640,10.3683
o_proj,656,11.8507
o_proj,672,11.894
o_proj,688,11.0077
o_proj,704,12.2987
o_proj,720,12.4477
o_proj,736,12.2777
o_proj,752,12.256
o_proj,768,12.3413
o_proj,784,12.8317
o_proj,800,12.544
o_proj,816,12.491
o_proj,832,12.7463
o_proj,848,13.3333
o_proj,864,13.3653
o_proj,880,13.0667
o_proj,896,14.581
o_proj,912,13.9947
o_proj,928,14.144
o_proj,944,13.984
o_proj,960,14.4853
o_proj,976,14.7947
o_proj,992,14.4957
o_proj,1008,14.411
o_proj,1024,14.3893
o_proj,1040,15.275
o_proj,1056,14.88
o_proj,1072,15.7653
o_proj,1088,14.9547
o_proj,1104,14.816
o_proj,1120,14.624
o_proj,1136,14.699
o_proj,1152,14.5917
o_proj,1168,16.96
o_proj,1184,17.173
o_proj,1200,16.8747
o_proj,1216,16.9387
o_proj,1232,16.864
o_proj,1248,17.0133
o_proj,1264,16.9067
o_proj,1280,16.8427
o_proj,1296,19.819
o_proj,1312,17.3867
o_proj,1328,17.5467
o_proj,1344,17.547
o_proj,1360,17.568
o_proj,1376,17.536
o_proj,1392,17.184
o_proj,1408,17.1733
o_proj,1424,17.024
o_proj,1440,16.9387
o_proj,1456,19.3707
o_proj,1472,20.3093
o_proj,1488,19.2533
o_proj,1504,19.04
o_proj,1520,19.0613
o_proj,1536,20.2667
o_proj,1552,19.4773
o_proj,1568,19.584
o_proj,1584,19.4343
o_proj,1600,19.4347
o_proj,1616,19.5307
o_proj,1632,19.5413
o_proj,1648,19.5097
o_proj,1664,19.403
o_proj,1680,19.424
o_proj,1696,19.4663
o_proj,1712,19.306
o_proj,1728,19.3277
o_proj,1744,22.6663
o_proj,1760,21.6217
o_proj,1776,23.9147
o_proj,1792,24.48
o_proj,1808,21.589
o_proj,1824,23.4027
o_proj,1840,20.6613
o_proj,1856,24.2347
o_proj,1872,20.608
o_proj,1888,23.2313
o_proj,1904,22.987
o_proj,1920,24.2877
o_proj,1936,21.909
o_proj,1952,22.016
o_proj,1968,21.8237
o_proj,1984,24.3523
o_proj,2000,21.835
o_proj,2016,22.016
o_proj,2032,25.2583
o_proj,2048,24.32
qk_norm,1,2.69867
qk_norm,2,2.7255
qk_norm,3,2.84267
qk_norm,4,2.78933
qk_norm,5,2.95467
qk_norm,6,2.928
qk_norm,7,2.90667
qk_norm,8,2.96517
qk_norm,9,2.97617
qk_norm,10,2.96
qk_norm,11,2.97067
qk_norm,12,2.976
qk_norm,13,3.04
qk_norm,14,3.008
qk_norm,15,3.07217
qk_norm,16,3.0985
qk_norm,20,3.15733
qk_norm,24,3.22667
qk_norm,28,3.26917
qk_norm,32,3.34933
qk_norm,36,3.45067
qk_norm,40,3.47183
qk_norm,44,3.54133
qk_norm,48,3.6105
qk_norm,52,3.74933
qk_norm,56,3.77617
qk_norm,60,3.92
qk_norm,64,3.93067
qk_norm,80,4.304
qk_norm,96,4.50133
qk_norm,112,4.79467
qk_norm,128,5.04
qk_norm,144,5.344
qk_norm,160,5.643
qk_norm,176,5.90917
qk_norm,192,6.19767
qk_norm,208,6.416
qk_norm,224,6.77317
qk_norm,240,7.013
qk_norm,256,7.34933
qk_norm,272,7.64267
qk_norm,288,7.88267
qk_norm,304,8.13867
qk_norm,320,8.45333
qk_norm,336,8.736
qk_norm,352,9.06133
qk_norm,368,9.36
qk_norm,384,9.5735
qk_norm,400,9.88783
qk_norm,416,10.2613
qk_norm,432,10.4478
qk_norm,448,10.7467
qk_norm,464,10.965
qk_norm,480,11.2587
qk_norm,496,11.5572
qk_norm,512,11.888
qk_norm,528,12.1387
qk_norm,544,12.416
qk_norm,560,12.768
qk_norm,576,12.981
qk_norm,592,13.2908
qk_norm,608,13.6053
qk_norm,624,13.8827
qk_norm,640,14.1227
qk_norm,656,14.4267
qk_norm,672,14.7522
qk_norm,688,14.944
qk_norm,704,15.2267
qk_norm,720,15.472
qk_norm,736,15.8773
qk_norm,752,16.1173
qk_norm,768,16.4055
qk_norm,784,16.6775
qk_norm,800,16.9708
qk_norm,816,17.2535
qk_norm,832,17.5147
qk_norm,848,17.8455
qk_norm,864,18.1972
qk_norm,880,18.3787
qk_norm,896,18.6987
qk_norm,912,18.944
qk_norm,928,19.2693
qk_norm,944,19.5147
qk_norm,960,19.7547
qk_norm,976,20.0743
qk_norm,992,20.309
qk_norm,1008,20.5917
qk_norm,1024,20.8907
qk_norm,1040,21.168
qk_norm,1056,21.4985
qk_norm,1072,21.7067
qk_norm,1088,22.037
qk_norm,1104,22.3147
qk_norm,1120,22.5492
qk_norm,1136,22.8212
qk_norm,1152,23.1733
qk_norm,1168,23.456
qk_norm,1184,23.7812
qk_norm,1200,24.069
qk_norm,1216,24.352
qk_norm,1232,24.6348
qk_norm,1248,24.853
qk_norm,1264,25.1897
qk_norm,1280,25.4183
qk_norm,1296,25.7172
qk_norm,1312,26.0263
qk_norm,1328,26.2773
qk_norm,1344,26.5067
qk_norm,1360,26.8743
qk_norm,1376,27.072
qk_norm,1392,27.392
qk_norm,1408,27.5945
qk_norm,1424,27.9838
qk_norm,1440,28.2667
qk_norm,1456,28.4907
qk_norm,1472,28.816
qk_norm,1488,29.056
qk_norm,1504,29.3813
qk_norm,1520,29.632
qk_norm,1536,29.8343
qk_norm,1552,30.2237
qk_norm,1568,30.5655
qk_norm,1584,30.8053
qk_norm,1600,30.9922
qk_norm,1616,31.3332
qk_norm,1632,31.616
qk_norm,1648,31.808
qk_norm,1664,32.1547
qk_norm,1680,32.3735
qk_norm,1696,32.7253
qk_norm,1712,33.0132
qk_norm,1728,33.2852
qk_norm,1744,33.5893
qk_norm,1760,33.8987
qk_norm,1776,34.1387
qk_norm,1792,34.5012
qk_norm,1808,34.6987
qk_norm,1824,34.9702
qk_norm,1840,35.248
qk_norm,1856,35.5042
qk_norm,1872,35.8613
qk_norm,1888,36.0798
qk_norm,1904,36.3998
qk_norm,1920,36.7092
qk_norm,1936,36.8427
qk_norm,1952,37.1893
qk_norm,1968,37.5042
qk_norm,1984,37.7333
qk_norm,2000,38.064
qk_norm,2016,38.2613
qk_norm,2032,38.533
qk_norm,2048,38.864
qkv_proj,1,8.91733
qkv_proj,2,8.768
qkv_proj,3,8.832
qkv_proj,4,8.76767
qkv_proj,5,9.20533
qkv_proj,6,8.864
qkv_proj,7,9.03467
qkv_proj,8,8.96
qkv_proj,9,8.04267
qkv_proj,10,8.10667
qkv_proj,11,7.94667
qkv_proj,12,8.224
qkv_proj,13,8.05333
qkv_proj,14,8.277
qkv_proj,15,8.043
qkv_proj,16,8.91733
qkv_proj,20,8.565
qkv_proj,24,8.44767
qkv_proj,28,8.50133
qkv_proj,32,14.0803
qkv_proj,36,9.888
qkv_proj,40,9.99467
qkv_proj,44,8.36267
qkv_proj,48,8.512
qkv_proj,52,9.87733
qkv_proj,56,9.87767
qkv_proj,60,8.50133
qkv_proj,64,9.824
qkv_proj,80,13.344
qkv_proj,96,10.4533
qkv_proj,112,9.09867
qkv_proj,128,8.85333
qkv_proj,144,8.66133
qkv_proj,160,9.12033
qkv_proj,176,9.35467
qkv_proj,192,8.55467
qkv_proj,208,11.264
qkv_proj,224,10.7307
qkv_proj,240,9.483
qkv_proj,256,9.632
qkv_proj,272,10.592
qkv_proj,288,11.2
qkv_proj,304,9.77067
qkv_proj,320,9.80267
qkv_proj,336,13.1947
qkv_proj,352,11.2
qkv_proj,368,10.2823
qkv_proj,384,9.93067
qkv_proj,400,13.9733
qkv_proj,416,11.8187
qkv_proj,432,10.1547
qkv_proj,448,14.24
qkv_proj,464,12.544
qkv_proj,480,12.128
qkv_proj,496,10.496
qkv_proj,512,10.272
qkv_proj,528,14.3577
qkv_proj,544,12.4267
qkv_proj,560,10.9437
qkv_proj,576,14.1227
qkv_proj,592,13.408
qkv_proj,608,13.397
qkv_proj,624,13.216
qkv_proj,640,13.3227
qkv_proj,656,13.2907
qkv_proj,672,13.3227
qkv_proj,688,13.7173
qkv_proj,704,14.3997
qkv_proj,720,14.8053
qkv_proj,736,14.272
qkv_proj,752,14.197
qkv_proj,768,14.357
qkv_proj,784,14.5173
qkv_proj,800,15.5627
qkv_proj,816,14.144
qkv_proj,832,14.9657
qkv_proj,848,15.925
qkv_proj,864,14.9333
qkv_proj,880,14.496
qkv_proj,896,14.4
qkv_proj,912,17.12
qkv_proj,928,16.9813
qkv_proj,944,17.12
qkv_proj,960,17.0347
qkv_proj,976,17.152
qkv_proj,992,17.0773
qkv_proj,1008,17.1197
qkv_proj,1024,17.1307
qkv_proj,1040,18.6027
qkv_proj,1056,16.832
qkv_proj,1072,16.288
qkv_proj,1088,18.6133
qkv_proj,1104,18.4747
qkv_proj,1120,16.704
qkv_proj,1136,15.7547
qkv_proj,1152,17.472
qkv_proj,1168,17.9197
qkv_proj,1184,17.813
qkv_proj,1200,17.5357
qkv_proj,1216,18.2937
qkv_proj,1232,17.0987
qkv_proj,1248,17.76
qkv_proj,1264,16.9063
qkv_proj,1280,16.992
qkv_proj,1296,18.5593
qkv_proj,1312,18.336
qkv_proj,1328,18.1973
qkv_proj,1344,18.8163
qkv_proj,1360,18.3253
qkv_proj,1376,18.016
qkv_proj,1392,18.016
qkv_proj,1408,19.5847
qkv_proj,1424,19.6053
qkv_proj,1440,19.4983
qkv_proj,1456,19.371
qkv_proj,1472,19.2427
qkv_proj,1488,19.435
qkv_proj,1504,19.5093
qkv_proj,1520,19.2427
qkv_proj,1536,19.2
qkv_proj,1552,20.5763
qkv_proj,1568,21.2267
qkv_proj,1584,20.6507
qkv_proj,1600,23.968
qkv_proj,1616,20.6403
qkv_proj,1632,20.4907
qkv_proj,1648,20.4053
qkv_proj,1664,24.064
qkv_proj,1680,21.653
qkv_proj,1696,21.6427
qkv_proj,1712,21.6107
qkv_proj,1728,23.936
qkv_proj,1744,21.728
qkv_proj,1760,21.6957
qkv_proj,1776,21.7277
qkv_proj,1792,23.8397
qkv_proj,1808,23.1993
qkv_proj,1824,23.0717
qkv_proj,1840,23.104
qkv_proj,1856,24.5653
qkv_proj,1872,23.0613
qkv_proj,1888,23.0613
qkv_proj,1904,22.944
qkv_proj,1920,24.4587
qkv_proj,1936,24.363
qkv_proj,1952,24.4583
qkv_proj,1968,24.3627
qkv_proj,1984,24.394
qkv_proj,2000,24.3303
qkv_proj,2016,24.3093
qkv_proj,2032,24.2457
qkv_proj,2048,24.2987
rotary_emb,1,2.741
rotary_emb,2,2.41067
rotary_emb,3,2.54933
rotary_emb,4,2.518
rotary_emb,5,2.74133
rotary_emb,6,2.66667
rotary_emb,7,2.752
rotary_emb,8,2.64533
rotary_emb,9,2.752
rotary_emb,10,2.77333
rotary_emb,11,2.99733
rotary_emb,12,3.04
rotary_emb,13,3.136
rotary_emb,14,3.11467
rotary_emb,15,3.14633
rotary_emb,16,3.168
rotary_emb,20,3.59467
rotary_emb,24,3.57333
rotary_emb,28,3.50933
rotary_emb,32,3.41333
rotary_emb,36,3.56267
rotary_emb,40,3.49867
rotary_emb,44,3.56267
rotary_emb,48,3.44533
rotary_emb,52,3.371
rotary_emb,56,3.47733
rotary_emb,60,3.39233
rotary_emb,64,3.28533
rotary_emb,80,3.38133
rotary_emb,96,3.403
rotary_emb,112,3.44533
rotary_emb,128,3.43433
rotary_emb,144,3.46667
rotary_emb,160,3.57267
rotary_emb,176,3.616
rotary_emb,192,3.691
rotary_emb,208,3.68
rotary_emb,224,3.776
rotary_emb,240,3.82933
rotary_emb,256,3.75467
rotary_emb,272,3.88267
rotary_emb,288,3.86133
rotary_emb,304,3.86167
rotary_emb,320,3.88267
rotary_emb,336,3.904
rotary_emb,352,4.07467
rotary_emb,368,3.99967
rotary_emb,384,4.05367
rotary_emb,400,4.18133
rotary_emb,416,4.03233
rotary_emb,432,3.98933
rotary_emb,448,4.23467
rotary_emb,464,4.37333
rotary_emb,480,4.45867
rotary_emb,496,4.64033
rotary_emb,512,4.59733
rotary_emb,528,4.45867
rotary_emb,544,4.46933
rotary_emb,560,4.65067
rotary_emb,576,4.789
rotary_emb,592,4.71467
rotary_emb,608,4.971
rotary_emb,624,5.19467
rotary_emb,640,5.62133
rotary_emb,656,5.54633
rotary_emb,672,5.547
rotary_emb,688,5.536
rotary_emb,704,5.67467
rotary_emb,720,5.73867
rotary_emb,736,5.87733
rotary_emb,752,6.11167
rotary_emb,768,6.112
rotary_emb,784,6.21867
rotary_emb,800,6.04767
rotary_emb,816,6.10167
rotary_emb,832,6.176
rotary_emb,848,6.293
rotary_emb,864,6.368
rotary_emb,880,6.21867
rotary_emb,896,6.36767
rotary_emb,912,6.36833
rotary_emb,928,6.411
rotary_emb,944,6.51733
rotary_emb,960,6.50667
rotary_emb,976,6.51733
rotary_emb,992,6.699
rotary_emb,1008,6.56
rotary_emb,1024,6.58133
rotary_emb,1040,6.80533
rotary_emb,1056,6.85867
rotary_emb,1072,6.837
rotary_emb,1088,7.01867
rotary_emb,1104,7.34967
rotary_emb,1120,7.40267
rotary_emb,1136,7.53067
rotary_emb,1152,7.328
rotary_emb,1168,7.33867
rotary_emb,1184,7.477
rotary_emb,1200,7.44533
rotary_emb,1216,7.712
rotary_emb,1232,7.744
rotary_emb,1248,7.797
rotary_emb,1264,7.968
rotary_emb,1280,8.02133
rotary_emb,1296,8
rotary_emb,1312,8.38367
rotary_emb,1328,8.224
rotary_emb,1344,8.469
rotary_emb,1360,8.46933
rotary_emb,1376,8.37333
rotary_emb,1392,8.50133
rotary_emb,1408,8.533
rotary_emb,1424,8.52267
rotary_emb,1440,8.66133
rotary_emb,1456,8.62933
rotary_emb,1472,8.68267
rotary_emb,1488,8.73567
rotary_emb,1504,8.92833
rotary_emb,1520,9.03467
rotary_emb,1536,8.98133
rotary_emb,1552,9.19467
rotary_emb,1568,9.26933
rotary_emb,1584,9.20533
rotary_emb,1600,9.41867
rotary_emb,1616,9.52567
rotary_emb,1632,9.536
rotary_emb,1648,9.51467
rotary_emb,1664,9.71733
rotary_emb,1680,9.6
rotary_emb,1696,9.87733
rotary_emb,1712,10.0267
rotary_emb,1728,10.0267
rotary_emb,1744,10.144
rotary_emb,1760,10.027
rotary_emb,1776,10.261
rotary_emb,1792,10.2613
rotary_emb,1808,10.2507
rotary_emb,1824,10.2617
rotary_emb,1840,10.5593
rotary_emb,1856,10.8057
rotary_emb,1872,10.826
rotary_emb,1888,10.9543
rotary_emb,1904,10.8053
rotary_emb,1920,11.0183
rotary_emb,1936,11.104
rotary_emb,1952,11.1357
rotary_emb,1968,11.349
rotary_emb,1984,11.2
rotary_emb,2000,11.456
rotary_emb,2016,11.4983
rotary_emb,2032,11.4027
rotary_emb,2048,11.6157
