pc,n_label,skew_rate_label,kv_big_label,kp_label,alpha,n_samples
0,n<=128,sr<=15%,kvB<=1k,kp=0,0.4197,2
0,n<=128,sr<=15%,kvB<=4k,kp=0,0.3817,2
0,n<=128,sr<=40%,kvB<=1k,kp=0,0.4507,1
0,n<=128,sr<=40%,kvB<=4k,kp=0,0.2974,1
0,n<=128,sr<=5%,kvB<=1k,kp=0,0.3472,4
0,n<=128,sr<=5%,kvB<=4k,kp=0,0.4061,4
0,n<=128,sr<=70%,kvB<=1k,kp=0,0.2906,1
0,n<=128,sr<=70%,kvB<=4k,kp=0,0.1689,1
0,n<=128,sr>70%,kvB<=1k,kp=0,0.4922,2
0,n<=128,sr>70%,kvB<=4k,kp=0,0.0611,2
0,n<=16,sr<=15%,kvB<=1k,kp=0,0.844,4
0,n<=16,sr<=15%,kvB<=4k,kp=0,0.5296,3
0,n<=16,sr<=40%,kvB<=1k,kp=0,1.0312,2
0,n<=16,sr<=40%,kvB<=4k,kp=0,0.5392,2
0,n<=16,sr<=70%,kvB<=1k,kp=0,0.9737,1
0,n<=16,sr<=70%,kvB<=4k,kp=0,0.6134,1
0,n<=16,sr>70%,kvB<=1k,kp=0,1.0258,2
0,n<=16,sr>70%,kvB<=4k,kp=0,0.5537,2
0,n<=2,sr<=70%,kvB<=1k,kp=0,0.8649,1
0,n<=2,sr<=70%,kvB<=4k,kp=0,0.8113,1
0,n<=256,sr<=15%,kvB<=1k,kp=0,0.2426,2
0,n<=256,sr<=15%,kvB<=4k,kp=0,0.1799,2
0,n<=256,sr<=40%,kvB<=1k,kp=0,0.1979,1
0,n<=256,sr<=40%,kvB<=4k,kp=0,0.062,1
0,n<=256,sr<=5%,kvB<=1k,kp=0,0.1808,4
0,n<=256,sr<=5%,kvB<=4k,kp=0,0.2154,4
0,n<=256,sr<=70%,kvB<=1k,kp=0,0.0939,1
0,n<=256,sr<=70%,kvB<=4k,kp=0,0.0226,1
0,n<=256,sr>70%,kvB<=1k,kp=0,0.6368,2
0,n<=256,sr>70%,kvB<=4k,kp=0,0.3494,2
16,n<=128,sr<=15%,kvB<=1k,kp<=4k,0.4609,2
16,n<=128,sr<=15%,kvB<=1k,kp<=512,0.4534,2
16,n<=128,sr<=15%,kvB<=1k,kp<=8k,0.3,2
16,n<=128,sr<=15%,kvB<=1k,kp=0,0.3933,5
16,n<=128,sr<=15%,kvB<=4k,kp<=4k,0.3864,2
16,n<=128,sr<=15%,kvB<=4k,kp<=512,0.3945,2
16,n<=128,sr<=15%,kvB<=4k,kp<=8k,0.3662,2
16,n<=128,sr<=15%,kvB<=4k,kp=0,0.3838,3
16,n<=128,sr<=40%,kvB<=1k,kp<=4k,0.4451,1
16,n<=128,sr<=40%,kvB<=1k,kp<=512,0.4615,1
16,n<=128,sr<=40%,kvB<=1k,kp<=8k,-0.089,1
16,n<=128,sr<=40%,kvB<=1k,kp=0,0.3975,1
16,n<=128,sr<=40%,kvB<=4k,kp<=4k,0.3053,1
16,n<=128,sr<=40%,kvB<=4k,kp<=512,0.2993,1
16,n<=128,sr<=40%,kvB<=4k,kp<=8k,0.3195,1
16,n<=128,sr<=40%,kvB<=4k,kp=0,0.3051,1
16,n<=128,sr<=5%,kvB<=1k,kp<=4k,0.4421,4
16,n<=128,sr<=5%,kvB<=1k,kp<=512,0.4386,4
16,n<=128,sr<=5%,kvB<=1k,kp<=8k,0.2148,4
16,n<=128,sr<=5%,kvB<=1k,kp=0,0.4219,4
16,n<=128,sr<=5%,kvB<=4k,kp<=4k,0.4241,4
16,n<=128,sr<=5%,kvB<=4k,kp<=512,0.4245,4
16,n<=128,sr<=5%,kvB<=4k,kp<=8k,0.4366,4
16,n<=128,sr<=5%,kvB<=4k,kp=0,0.42,4
16,n<=128,sr<=70%,kvB<=1k,kp<=4k,0.2325,1
16,n<=128,sr<=70%,kvB<=1k,kp<=512,0.3125,1
16,n<=128,sr<=70%,kvB<=1k,kp<=8k,0.4159,1
16,n<=128,sr<=70%,kvB<=1k,kp=0,0.2551,1
16,n<=128,sr<=70%,kvB<=4k,kp<=4k,0.1699,1
16,n<=128,sr<=70%,kvB<=4k,kp<=512,0.1812,1
16,n<=128,sr<=70%,kvB<=4k,kp<=8k,0.0567,1
16,n<=128,sr<=70%,kvB<=4k,kp=0,0.19,1
16,n<=128,sr>70%,kvB<=1k,kp<=4k,0.5459,2
16,n<=128,sr>70%,kvB<=1k,kp<=512,0.5463,2
16,n<=128,sr>70%,kvB<=1k,kp<=8k,0.3419,1
16,n<=128,sr>70%,kvB<=1k,kp=0,0.6055,2
16,n<=128,sr>70%,kvB<=4k,kp<=4k,0.0592,2
16,n<=128,sr>70%,kvB<=4k,kp<=512,0.1485,2
16,n<=128,sr>70%,kvB<=4k,kp<=8k,-0.2388,2
16,n<=128,sr>70%,kvB<=4k,kp=0,0.0463,2
16,n<=16,sr<=15%,kvB<=1k,kp<=4k,-0.2396,2
16,n<=16,sr<=15%,kvB<=1k,kp<=512,0.5341,2
16,n<=16,sr<=15%,kvB<=1k,kp<=8k,-0.9872,1
16,n<=16,sr<=15%,kvB<=1k,kp=0,0.7659,4
16,n<=16,sr<=15%,kvB<=4k,kp<=4k,0.2539,2
16,n<=16,sr<=15%,kvB<=4k,kp<=512,0.5157,2
16,n<=16,sr<=15%,kvB<=4k,kp<=8k,0.3684,2
16,n<=16,sr<=15%,kvB<=4k,kp=0,0.5427,3
16,n<=16,sr<=40%,kvB<=1k,kp<=4k,0.7815,2
16,n<=16,sr<=40%,kvB<=1k,kp<=512,0.7096,2
16,n<=16,sr<=40%,kvB<=1k,kp<=8k,-0.6371,2
16,n<=16,sr<=40%,kvB<=1k,kp=0,0.8468,2
16,n<=16,sr<=40%,kvB<=4k,kp<=4k,0.3414,2
16,n<=16,sr<=40%,kvB<=4k,kp<=512,0.5709,2
16,n<=16,sr<=40%,kvB<=4k,kp<=8k,0.3451,2
16,n<=16,sr<=40%,kvB<=4k,kp=0,0.5486,2
16,n<=16,sr<=70%,kvB<=1k,kp<=4k,0.3645,1
16,n<=16,sr<=70%,kvB<=1k,kp<=512,0.9409,1
16,n<=16,sr<=70%,kvB<=1k,kp<=8k,3.773,1
16,n<=16,sr<=70%,kvB<=1k,kp=0,0.8607,2
16,n<=16,sr<=70%,kvB<=4k,kp<=4k,-0.9616,1
16,n<=16,sr<=70%,kvB<=4k,kp<=512,0.6562,1
16,n<=16,sr<=70%,kvB<=4k,kp=0,0.6532,1
16,n<=16,sr>70%,kvB<=1k,kp<=4k,1.4956,2
16,n<=16,sr>70%,kvB<=1k,kp<=512,1.0226,2
16,n<=16,sr>70%,kvB<=1k,kp<=8k,0.2809,2
16,n<=16,sr>70%,kvB<=1k,kp=0,1.0137,2
16,n<=16,sr>70%,kvB<=4k,kp<=4k,0.022,2
16,n<=16,sr>70%,kvB<=4k,kp<=512,0.4635,2
16,n<=16,sr>70%,kvB<=4k,kp<=8k,-0.6673,2
16,n<=16,sr>70%,kvB<=4k,kp=0,0.4211,2
16,n<=2,sr<=70%,kvB<=1k,kp<=512,0.7396,1
16,n<=2,sr<=70%,kvB<=1k,kp<=8k,-0.6294,1
16,n<=2,sr<=70%,kvB<=1k,kp=0,0.6252,1
16,n<=2,sr<=70%,kvB<=4k,kp<=4k,-9.8226,1
16,n<=2,sr<=70%,kvB<=4k,kp<=512,0.315,1
16,n<=2,sr<=70%,kvB<=4k,kp<=8k,0.5635,1
16,n<=2,sr<=70%,kvB<=4k,kp=0,-0.249,1
128,n<=128,sr<=15%,kvB<=1k,kp<=4k,0.4362,2
128,n<=128,sr<=15%,kvB<=1k,kp<=512,0.4311,2
128,n<=128,sr<=15%,kvB<=1k,kp<=8k,0.5617,2
128,n<=128,sr<=15%,kvB<=1k,kp=0,0.4553,2
128,n<=128,sr<=15%,kvB<=4k,kp<=4k,0.3845,2
128,n<=128,sr<=15%,kvB<=4k,kp<=512,0.3941,2
128,n<=128,sr<=15%,kvB<=4k,kp<=8k,0.3764,2
128,n<=128,sr<=15%,kvB<=4k,kp=0,0.3964,2
128,n<=128,sr<=40%,kvB<=1k,kp<=4k,0.4868,1
128,n<=128,sr<=40%,kvB<=1k,kp<=512,0.3866,1
128,n<=128,sr<=40%,kvB<=1k,kp<=8k,0.3282,1
128,n<=128,sr<=40%,kvB<=1k,kp=0,0.3845,1
128,n<=128,sr<=40%,kvB<=4k,kp<=4k,0.3013,1
128,n<=128,sr<=40%,kvB<=4k,kp<=512,0.297,1
128,n<=128,sr<=40%,kvB<=4k,kp<=8k,0.2153,1
128,n<=128,sr<=40%,kvB<=4k,kp=0,0.2966,1
128,n<=128,sr<=5%,kvB<=1k,kp<=4k,0.409,4
128,n<=128,sr<=5%,kvB<=1k,kp<=512,0.4221,4
128,n<=128,sr<=5%,kvB<=1k,kp<=8k,0.0871,4
128,n<=128,sr<=5%,kvB<=1k,kp=0,0.3976,4
128,n<=128,sr<=5%,kvB<=4k,kp<=4k,0.4099,4
128,n<=128,sr<=5%,kvB<=4k,kp<=512,0.4114,4
128,n<=128,sr<=5%,kvB<=4k,kp<=8k,0.4119,4
128,n<=128,sr<=5%,kvB<=4k,kp=0,0.4191,4
128,n<=128,sr<=70%,kvB<=1k,kp<=4k,0.3167,1
128,n<=128,sr<=70%,kvB<=1k,kp<=512,0.2007,1
128,n<=128,sr<=70%,kvB<=1k,kp<=8k,0.1846,1
128,n<=128,sr<=70%,kvB<=1k,kp=0,0.2613,1
128,n<=128,sr<=70%,kvB<=4k,kp<=4k,0.1862,1
128,n<=128,sr<=70%,kvB<=4k,kp<=512,0.1936,1
128,n<=128,sr<=70%,kvB<=4k,kp<=8k,0.1072,1
128,n<=128,sr<=70%,kvB<=4k,kp=0,0.2104,1
128,n<=128,sr>70%,kvB<=1k,kp<=4k,0.4858,2
128,n<=128,sr>70%,kvB<=1k,kp<=512,0.502,2
128,n<=128,sr>70%,kvB<=1k,kp<=8k,2.0798,1
128,n<=128,sr>70%,kvB<=1k,kp=0,0.5984,2
128,n<=128,sr>70%,kvB<=4k,kp<=4k,0.0897,2
128,n<=128,sr>70%,kvB<=4k,kp<=512,0.1101,2
128,n<=128,sr>70%,kvB<=4k,kp<=8k,0.3153,2
128,n<=128,sr>70%,kvB<=4k,kp=0,0.1069,2
128,n<=16,sr<=15%,kvB<=1k,kp<=4k,0.7526,2
128,n<=16,sr<=15%,kvB<=1k,kp<=512,0.607,2
128,n<=16,sr<=15%,kvB<=1k,kp<=8k,1.6666,1
128,n<=16,sr<=15%,kvB<=1k,kp=0,0.8605,2
128,n<=16,sr<=15%,kvB<=4k,kp<=4k,0.1997,2
128,n<=16,sr<=15%,kvB<=4k,kp<=512,0.5203,2
128,n<=16,sr<=15%,kvB<=4k,kp<=8k,-0.0962,2
128,n<=16,sr<=15%,kvB<=4k,kp=0,0.5317,2
128,n<=16,sr<=40%,kvB<=1k,kp<=4k,1.0663,2
128,n<=16,sr<=40%,kvB<=1k,kp<=512,0.8571,2
128,n<=16,sr<=40%,kvB<=1k,kp<=8k,-0.1866,1
128,n<=16,sr<=40%,kvB<=1k,kp=0,0.8726,2
128,n<=16,sr<=40%,kvB<=4k,kp<=4k,0.2736,2
128,n<=16,sr<=40%,kvB<=4k,kp<=512,0.6044,2
128,n<=16,sr<=40%,kvB<=4k,kp<=8k,-0.0314,2
128,n<=16,sr<=40%,kvB<=4k,kp=0,0.4864,2
128,n<=16,sr<=70%,kvB<=1k,kp<=512,1.225,1
128,n<=16,sr<=70%,kvB<=1k,kp=0,1.1724,1
128,n<=16,sr<=70%,kvB<=4k,kp<=4k,-0.3979,1
128,n<=16,sr<=70%,kvB<=4k,kp<=512,0.537,1
128,n<=16,sr<=70%,kvB<=4k,kp<=8k,-0.5787,1
128,n<=16,sr<=70%,kvB<=4k,kp=0,0.6386,1
128,n<=16,sr>70%,kvB<=1k,kp<=4k,3.0105,1
128,n<=16,sr>70%,kvB<=1k,kp<=512,0.9938,2
128,n<=16,sr>70%,kvB<=1k,kp=0,1.1981,2
128,n<=16,sr>70%,kvB<=4k,kp<=4k,-0.1781,2
128,n<=16,sr>70%,kvB<=4k,kp<=512,0.4422,2
128,n<=16,sr>70%,kvB<=4k,kp<=8k,-2.3025,1
128,n<=16,sr>70%,kvB<=4k,kp=0,0.4334,2
128,n<=2,sr<=70%,kvB<=1k,kp<=512,0.9524,1
128,n<=2,sr<=70%,kvB<=1k,kp=0,1.4321,1
128,n<=2,sr<=70%,kvB<=4k,kp<=4k,-0.9063,1
128,n<=2,sr<=70%,kvB<=4k,kp<=512,0.0852,1
128,n<=2,sr<=70%,kvB<=4k,kp<=8k,0.5526,1
128,n<=2,sr<=70%,kvB<=4k,kp=0,0.0186,1
1024,n<=128,sr<=15%,kvB<=1k,kp<=4k,0.3669,2
1024,n<=128,sr<=15%,kvB<=1k,kp<=512,0.4094,2
1024,n<=128,sr<=15%,kvB<=1k,kp<=8k,0.2575,2
1024,n<=128,sr<=15%,kvB<=1k,kp=0,0.3721,2
1024,n<=128,sr<=15%,kvB<=4k,kp<=4k,0.3722,2
1024,n<=128,sr<=15%,kvB<=4k,kp<=512,0.3834,2
1024,n<=128,sr<=15%,kvB<=4k,kp<=8k,0.384,2
1024,n<=128,sr<=15%,kvB<=4k,kp=0,0.3725,2
1024,n<=128,sr<=40%,kvB<=1k,kp<=4k,0.3968,1
1024,n<=128,sr<=40%,kvB<=1k,kp<=512,0.4133,1
1024,n<=128,sr<=40%,kvB<=1k,kp<=8k,-0.1489,1
1024,n<=128,sr<=40%,kvB<=1k,kp=0,0.4069,1
1024,n<=128,sr<=40%,kvB<=4k,kp<=4k,0.2964,1
1024,n<=128,sr<=40%,kvB<=4k,kp<=512,0.2935,1
1024,n<=128,sr<=40%,kvB<=4k,kp<=8k,0.3121,1
1024,n<=128,sr<=40%,kvB<=4k,kp=0,0.3133,1
1024,n<=128,sr<=5%,kvB<=1k,kp<=4k,0.4141,4
1024,n<=128,sr<=5%,kvB<=1k,kp<=512,0.3872,4
1024,n<=128,sr<=5%,kvB<=1k,kp<=8k,0.2694,4
1024,n<=128,sr<=5%,kvB<=1k,kp=0,0.377,4
1024,n<=128,sr<=5%,kvB<=4k,kp<=4k,0.3876,4
1024,n<=128,sr<=5%,kvB<=4k,kp<=512,0.4028,4
1024,n<=128,sr<=5%,kvB<=4k,kp<=8k,0.3833,4
1024,n<=128,sr<=5%,kvB<=4k,kp=0,0.4021,4
1024,n<=128,sr<=70%,kvB<=1k,kp<=4k,0.3548,1
1024,n<=128,sr<=70%,kvB<=1k,kp<=512,0.2667,1
1024,n<=128,sr<=70%,kvB<=1k,kp<=8k,0.0061,1
1024,n<=128,sr<=70%,kvB<=1k,kp=0,0.3047,1
1024,n<=128,sr<=70%,kvB<=4k,kp<=4k,0.1604,1
1024,n<=128,sr<=70%,kvB<=4k,kp<=512,0.1832,1
1024,n<=128,sr<=70%,kvB<=4k,kp<=8k,0.1963,1
1024,n<=128,sr<=70%,kvB<=4k,kp=0,0.1639,1
1024,n<=128,sr>70%,kvB<=1k,kp<=4k,0.5984,2
1024,n<=128,sr>70%,kvB<=1k,kp<=512,0.5533,2
1024,n<=128,sr>70%,kvB<=1k,kp<=8k,-0.104,2
1024,n<=128,sr>70%,kvB<=1k,kp=0,0.6478,2
1024,n<=128,sr>70%,kvB<=4k,kp<=4k,0.176,2
1024,n<=128,sr>70%,kvB<=4k,kp<=512,0.1776,2
1024,n<=128,sr>70%,kvB<=4k,kp<=8k,0.1663,2
1024,n<=128,sr>70%,kvB<=4k,kp=0,0.1114,2
1024,n<=16,sr<=15%,kvB<=1k,kp<=4k,1.2652,2
1024,n<=16,sr<=15%,kvB<=1k,kp=0,0.4964,2
1024,n<=16,sr<=15%,kvB<=4k,kp<=4k,0.2914,2
1024,n<=16,sr<=15%,kvB<=4k,kp<=512,0.5034,2
1024,n<=16,sr<=15%,kvB<=4k,kp<=8k,-0.1678,2
1024,n<=16,sr<=15%,kvB<=4k,kp=0,0.4968,2
1024,n<=16,sr<=40%,kvB<=1k,kp<=4k,-2.4922,1
1024,n<=16,sr<=40%,kvB<=1k,kp<=8k,1.753,1
1024,n<=16,sr<=40%,kvB<=1k,kp=0,0.6475,2
1024,n<=16,sr<=40%,kvB<=4k,kp<=4k,0.3787,2
1024,n<=16,sr<=40%,kvB<=4k,kp<=512,0.5059,2
1024,n<=16,sr<=40%,kvB<=4k,kp<=8k,0.0515,2
1024,n<=16,sr<=40%,kvB<=4k,kp=0,0.5489,2
1024,n<=16,sr<=70%,kvB<=1k,kp<=4k,-0.1514,1
1024,n<=16,sr<=70%,kvB<=1k,kp=0,0.9178,1
1024,n<=16,sr<=70%,kvB<=4k,kp<=4k,0.0756,1
1024,n<=16,sr<=70%,kvB<=4k,kp<=512,0.578,1
1024,n<=16,sr<=70%,kvB<=4k,kp<=8k,-1.4068,1
1024,n<=16,sr<=70%,kvB<=4k,kp=0,0.5278,1
1024,n<=16,sr>70%,kvB<=1k,kp<=4k,0.0572,1
1024,n<=16,sr>70%,kvB<=1k,kp<=512,2.8377,1
1024,n<=16,sr>70%,kvB<=1k,kp<=8k,1.3301,1
1024,n<=16,sr>70%,kvB<=1k,kp=0,1.0896,2
1024,n<=16,sr>70%,kvB<=4k,kp<=4k,0.0987,2
1024,n<=16,sr>70%,kvB<=4k,kp<=512,0.4091,2
1024,n<=16,sr>70%,kvB<=4k,kp<=8k,-0.3435,2
1024,n<=16,sr>70%,kvB<=4k,kp=0,0.4408,2
1024,n<=2,sr<=70%,kvB<=1k,kp=0,0.7556,1
1024,n<=2,sr<=70%,kvB<=4k,kp<=4k,-0.3368,1
1024,n<=2,sr<=70%,kvB<=4k,kp<=512,0.1243,1
1024,n<=2,sr<=70%,kvB<=4k,kp<=8k,0.8245,1
1024,n<=2,sr<=70%,kvB<=4k,kp=0,-0.368,1
2048,n<=128,sr<=15%,kvB<=1k,kp<=4k,0.4357,2
2048,n<=128,sr<=15%,kvB<=1k,kp<=512,0.4163,2
2048,n<=128,sr<=15%,kvB<=1k,kp<=8k,0.0011,2
2048,n<=128,sr<=15%,kvB<=1k,kp=0,0.4257,2
2048,n<=128,sr<=15%,kvB<=4k,kp<=4k,0.3467,2
2048,n<=128,sr<=15%,kvB<=4k,kp<=512,0.3537,2
2048,n<=128,sr<=15%,kvB<=4k,kp<=8k,0.328,2
2048,n<=128,sr<=15%,kvB<=4k,kp=0,0.3573,2
2048,n<=128,sr<=40%,kvB<=1k,kp<=4k,0.378,1
2048,n<=128,sr<=40%,kvB<=1k,kp<=512,0.3315,1
2048,n<=128,sr<=40%,kvB<=1k,kp<=8k,0.01,1
2048,n<=128,sr<=40%,kvB<=1k,kp=0,0.3674,1
2048,n<=128,sr<=40%,kvB<=4k,kp<=4k,0.2858,1
2048,n<=128,sr<=40%,kvB<=4k,kp<=512,0.2846,1
2048,n<=128,sr<=40%,kvB<=4k,kp<=8k,0.2642,1
2048,n<=128,sr<=40%,kvB<=4k,kp=0,0.3168,1
2048,n<=128,sr<=5%,kvB<=1k,kp<=4k,0.389,4
2048,n<=128,sr<=5%,kvB<=1k,kp<=512,0.369,4
2048,n<=128,sr<=5%,kvB<=1k,kp<=8k,0.0455,4
2048,n<=128,sr<=5%,kvB<=1k,kp=0,0.3709,4
2048,n<=128,sr<=5%,kvB<=4k,kp<=4k,0.3774,4
2048,n<=128,sr<=5%,kvB<=4k,kp<=512,0.3569,4
2048,n<=128,sr<=5%,kvB<=4k,kp<=8k,0.3631,4
2048,n<=128,sr<=5%,kvB<=4k,kp=0,0.3704,4
2048,n<=128,sr<=70%,kvB<=1k,kp<=4k,0.2335,1
2048,n<=128,sr<=70%,kvB<=1k,kp<=512,0.3167,1
2048,n<=128,sr<=70%,kvB<=1k,kp<=8k,0.0142,1
2048,n<=128,sr<=70%,kvB<=1k,kp=0,0.285,1
2048,n<=128,sr<=70%,kvB<=4k,kp<=4k,0.1615,1
2048,n<=128,sr<=70%,kvB<=4k,kp<=512,0.1937,1
2048,n<=128,sr<=70%,kvB<=4k,kp<=8k,0.1284,1
2048,n<=128,sr<=70%,kvB<=4k,kp=0,0.1605,1
2048,n<=128,sr>70%,kvB<=1k,kp<=4k,0.4902,2
2048,n<=128,sr>70%,kvB<=1k,kp<=512,0.617,2
2048,n<=128,sr>70%,kvB<=1k,kp<=8k,-0.6554,2
2048,n<=128,sr>70%,kvB<=1k,kp=0,0.6366,2
2048,n<=128,sr>70%,kvB<=4k,kp<=4k,0.1258,2
2048,n<=128,sr>70%,kvB<=4k,kp<=512,0.1522,2
2048,n<=128,sr>70%,kvB<=4k,kp<=8k,0.0342,2
2048,n<=128,sr>70%,kvB<=4k,kp=0,0.1141,2
2048,n<=16,sr<=15%,kvB<=1k,kp<=4k,-0.2055,2
2048,n<=16,sr<=15%,kvB<=1k,kp<=8k,1.1759,2
2048,n<=16,sr<=15%,kvB<=4k,kp<=4k,0.2457,2
2048,n<=16,sr<=15%,kvB<=4k,kp<=512,0.4236,2
2048,n<=16,sr<=15%,kvB<=4k,kp<=8k,-0.0981,2
2048,n<=16,sr<=15%,kvB<=4k,kp=0,0.4313,2
2048,n<=16,sr<=40%,kvB<=1k,kp<=4k,0.213,2
2048,n<=16,sr<=40%,kvB<=1k,kp=0,9.9687,1
2048,n<=16,sr<=40%,kvB<=4k,kp<=4k,0.2654,2
2048,n<=16,sr<=40%,kvB<=4k,kp<=512,0.4811,2
2048,n<=16,sr<=40%,kvB<=4k,kp<=8k,0.0622,2
2048,n<=16,sr<=40%,kvB<=4k,kp=0,0.4641,2
2048,n<=16,sr<=70%,kvB<=1k,kp<=4k,-1.6483,1
2048,n<=16,sr<=70%,kvB<=1k,kp<=512,2.7248,1
2048,n<=16,sr<=70%,kvB<=1k,kp<=8k,0.9548,1
2048,n<=16,sr<=70%,kvB<=1k,kp=0,1.3987,1
2048,n<=16,sr<=70%,kvB<=4k,kp<=4k,-0.0198,1
2048,n<=16,sr<=70%,kvB<=4k,kp<=512,0.5455,1
2048,n<=16,sr<=70%,kvB<=4k,kp<=8k,-2.6073,1
2048,n<=16,sr<=70%,kvB<=4k,kp=0,0.5326,1
2048,n<=16,sr>70%,kvB<=1k,kp<=4k,1.1016,2
2048,n<=16,sr>70%,kvB<=1k,kp<=512,3.3669,1
2048,n<=16,sr>70%,kvB<=1k,kp=0,0.9452,2
2048,n<=16,sr>70%,kvB<=4k,kp<=4k,-0.156,2
2048,n<=16,sr>70%,kvB<=4k,kp<=512,0.4941,2
2048,n<=16,sr>70%,kvB<=4k,kp<=8k,-0.2301,2
2048,n<=16,sr>70%,kvB<=4k,kp=0,0.5519,2
2048,n<=2,sr<=70%,kvB<=1k,kp<=4k,0.6867,1
2048,n<=2,sr<=70%,kvB<=1k,kp<=512,8.712,1
2048,n<=2,sr<=70%,kvB<=1k,kp<=8k,4.6757,1
2048,n<=2,sr<=70%,kvB<=1k,kp=0,2.7875,1
2048,n<=2,sr<=70%,kvB<=4k,kp<=4k,1.4374,1
2048,n<=2,sr<=70%,kvB<=4k,kp<=512,0.8878,1
2048,n<=2,sr<=70%,kvB<=4k,kp<=8k,0.4679,1
2048,n<=2,sr<=70%,kvB<=4k,kp=0,0.2502,1
